node,distance_type,p_value,adjusted_p_value
G36,normalized_scores,0.000999000999000999,0.4651062813287682
G36,normalized_ranks,0.000999000999000999,0.4651062813287682
G36,topology_only,0.000999000999000999,0.4651062813287682
Q96,normalized_scores,0.005994005994005994,0.865746044227953
Q96,normalized_ranks,1.0,1.0
Q96,topology_only,0.7782217782217782,1.0
B82,normalized_scores,0.000999000999000999,0.4651062813287682
B82,normalized_ranks,0.000999000999000999,0.4651062813287682
B82,topology_only,0.000999000999000999,0.4651062813287682
E27,normalized_scores,0.15284715284715283,0.999999999999998
E27,normalized_ranks,0.4175824175824176,1.0
E27,topology_only,0.1088911088911089,0.9999999999999998
B73,normalized_scores,0.000999000999000999,0.4651062813287682
B73,normalized_ranks,0.000999000999000999,0.4651062813287682
B73,topology_only,0.000999000999000999,0.4651062813287682
D66,normalized_scores,0.7752247752247752,1.0
D66,normalized_ranks,0.000999000999000999,0.4651062813287682
D66,topology_only,1.0,1.0
Q61,normalized_scores,0.23176823176823177,1.0
Q61,normalized_ranks,0.000999000999000999,0.4651062813287682
Q61,topology_only,0.5464535464535465,1.0
S12,normalized_scores,0.9200799200799201,1.0
S12,normalized_ranks,0.2977022977022977,1.0
S12,topology_only,0.993006993006993,1.0
N04,normalized_scores,0.938061938061938,1.0
N04,normalized_ranks,0.7872127872127872,1.0
N04,topology_only,0.995004995004995,1.0
O26,normalized_scores,0.17582417582417584,1.0
O26,normalized_ranks,0.12787212787212787,0.9999999999999918
O26,topology_only,0.4595404595404595,1.0
K82,normalized_scores,0.000999000999000999,0.4651062813287682
K82,normalized_ranks,0.000999000999000999,0.4651062813287682
K82,topology_only,0.000999000999000999,0.4651062813287682
B48,normalized_scores,0.000999000999000999,0.4651062813287682
B48,normalized_ranks,0.000999000999000999,0.4651062813287682
B48,topology_only,0.000999000999000999,0.4651062813287682
K30,normalized_scores,0.04095904095904096,0.9999852536893368
K30,normalized_ranks,0.001998001998001998,0.5332680896844992
K30,topology_only,0.13086913086913088,1.0
C82,normalized_scores,0.9500499500499501,1.0
C82,normalized_ranks,1.0,1.0
C82,topology_only,0.993006993006993,1.0
K86,normalized_scores,0.000999000999000999,0.4651062813287682
K86,normalized_ranks,0.016983016983016984,0.9955405364261157
K86,topology_only,0.000999000999000999,0.4651062813287682
K70,normalized_scores,0.000999000999000999,0.4651062813287682
K70,normalized_ranks,0.003996003996003996,0.7634139683995398
K70,topology_only,0.07492507492507493,0.9999999999945436
E72,normalized_scores,0.6763236763236763,1.0
E72,normalized_ranks,0.000999000999000999,0.4651062813287682
E72,topology_only,0.98001998001998,1.0
I60,normalized_scores,0.000999000999000999,0.4651062813287682
I60,normalized_ranks,0.001998001998001998,0.5332680896844992
I60,topology_only,0.000999000999000999,0.4651062813287682
Q54,normalized_scores,0.000999000999000999,0.4651062813287682
Q54,normalized_ranks,0.000999000999000999,0.4651062813287682
Q54,topology_only,0.00999000999000999,0.9804694629199124
M02,normalized_scores,0.000999000999000999,0.4651062813287682
M02,normalized_ranks,0.004995004995004995,0.8222887073825156
M02,topology_only,0.000999000999000999,0.4651062813287682
T75,normalized_scores,0.000999000999000999,0.4651062813287682
T75,normalized_ranks,0.000999000999000999,0.4651062813287682
T75,topology_only,1.0,1.0
L30,normalized_scores,0.993006993006993,1.0
L30,normalized_ranks,1.0,1.0
L30,topology_only,1.0,1.0
L88,normalized_scores,0.06393606393606394,0.9999999234813454
L88,normalized_ranks,0.3726273726273726,1.0
L88,topology_only,1.0,1.0
H19,normalized_scores,0.07992007992007992,0.9999999980859283
H19,normalized_ranks,0.2757242757242757,1.0
H19,topology_only,0.13986013986013987,1.0
F91,normalized_scores,0.08491508491508491,0.9999999992648925
F91,normalized_ranks,0.2217782217782218,1.0
F91,topology_only,0.23076923076923078,1.0
H35,normalized_scores,0.000999000999000999,0.4651062813287682
H35,normalized_ranks,0.000999000999000999,0.4651062813287682
H35,topology_only,0.000999000999000999,0.4651062813287682
H00,normalized_scores,0.6343656343656343,1.0
H00,normalized_ranks,0.26373626373626374,1.0
H00,topology_only,0.7252747252747253,1.0
C55,normalized_scores,0.03696303696303696,0.9999586655349373
C55,normalized_ranks,0.48451548451548454,1.0
C55,topology_only,0.3936063936063936,1.0
C90,normalized_scores,0.7892107892107892,1.0
C90,normalized_ranks,0.5514485514485514,1.0
C90,topology_only,0.996003996003996,1.0
E75,normalized_scores,0.000999000999000999,0.4651062813287682
E75,normalized_ranks,0.000999000999000999,0.4651062813287682
E75,topology_only,0.002997002997002997,0.7156728475556131
G01,normalized_scores,0.000999000999000999,0.4651062813287682
G01,normalized_ranks,0.000999000999000999,0.4651062813287682
G01,topology_only,0.002997002997002997,0.7156728475556131
B08,normalized_scores,0.12487512487512488,0.9999999999998425
B08,normalized_ranks,0.00999000999000999,0.9636034338426799
B08,topology_only,0.2867132867132867,1.0
C57,normalized_scores,0.3036963036963037,1.0
C57,normalized_ranks,0.46253746253746253,1.0
C57,topology_only,0.7262737262737263,1.0
E50,normalized_scores,0.8081918081918081,1.0
E50,normalized_ranks,0.9020979020979021,1.0
E50,topology_only,0.97002997002997,1.0
H20,normalized_scores,0.7212787212787213,1.0
H20,normalized_ranks,0.8371628371628371,1.0
H20,topology_only,0.975024975024975,1.0
H02,normalized_scores,0.993006993006993,1.0
H02,normalized_ranks,0.994005994005994,1.0
H02,topology_only,0.999000999000999,1.0
K74,normalized_scores,0.000999000999000999,0.4651062813287682
K74,normalized_ranks,0.000999000999000999,0.4651062813287682
K74,topology_only,0.03496503496503497,0.9999980904628746
K83,normalized_scores,0.000999000999000999,0.4651062813287682
K83,normalized_ranks,0.000999000999000999,0.4651062813287682
K83,topology_only,0.005994005994005994,0.9102591229104683
K25,normalized_scores,0.006993006993006993,0.9020028174301425
K25,normalized_ranks,0.000999000999000999,0.4651062813287682
K25,topology_only,0.38961038961038963,1.0
H16,normalized_scores,0.6053946053946054,1.0
H16,normalized_ranks,0.938061938061938,1.0
H16,topology_only,0.8861138861138861,1.0
K75,normalized_scores,0.000999000999000999,0.4651062813287682
K75,normalized_ranks,0.002997002997002997,0.6656438699337983
K75,topology_only,0.011988011988011988,0.990715915646338
N10,normalized_scores,0.07192807192807193,0.9999999885843421
N10,normalized_ranks,0.12887112887112886,0.9999999999999918
N10,topology_only,0.16683316683316685,1.0
G57,normalized_scores,0.000999000999000999,0.4651062813287682
G57,normalized_ranks,0.000999000999000999,0.4651062813287682
G57,topology_only,0.000999000999000999,0.4651062813287682
E52,normalized_scores,0.32967032967032966,1.0
E52,normalized_ranks,0.3546453546453546,1.0
E52,topology_only,1.0,1.0
H52,normalized_scores,0.000999000999000999,0.4651062813287682
H52,normalized_ranks,0.000999000999000999,0.4651062813287682
H52,topology_only,0.000999000999000999,0.4651062813287682
G72,normalized_scores,0.007992007992007992,0.9274794778693635
G72,normalized_ranks,0.000999000999000999,0.4651062813287682
G72,topology_only,0.000999000999000999,0.4651062813287682
J12,normalized_scores,0.45754245754245754,1.0
J12,normalized_ranks,0.965034965034965,1.0
J12,topology_only,0.8501498501498501,1.0
C24,normalized_scores,0.000999000999000999,0.4651062813287682
C24,normalized_ranks,0.27372627372627373,1.0
C24,topology_only,0.000999000999000999,0.4651062813287682
K02,normalized_scores,0.006993006993006993,0.9020028174301425
K02,normalized_ranks,0.000999000999000999,0.4651062813287682
K02,topology_only,0.16783216783216784,1.0
B42,normalized_scores,0.000999000999000999,0.4651062813287682
B42,normalized_ranks,0.000999000999000999,0.4651062813287682
B42,topology_only,0.000999000999000999,0.4651062813287682
Q82,normalized_scores,0.000999000999000999,0.4651062813287682
Q82,normalized_ranks,0.000999000999000999,0.4651062813287682
Q82,topology_only,0.004995004995004995,0.8677470337219261
O14,normalized_scores,0.000999000999000999,0.4651062813287682
O14,normalized_ranks,0.00999000999000999,0.9636034338426799
O14,topology_only,0.000999000999000999,0.4651062813287682
N19,normalized_scores,0.000999000999000999,0.4651062813287682
N19,normalized_ranks,0.000999000999000999,0.4651062813287682
N19,topology_only,0.003996003996003996,0.8047814963447564
P77,normalized_scores,0.7152847152847153,1.0
P77,normalized_ranks,0.03496503496503497,0.9999693401313922
P77,topology_only,1.0,1.0
C45,normalized_scores,0.000999000999000999,0.4651062813287682
C45,normalized_ranks,0.000999000999000999,0.4651062813287682
C45,topology_only,0.000999000999000999,0.4651062813287682
G31,normalized_scores,0.01998001998001998,0.9972419665379411
G31,normalized_ranks,0.000999000999000999,0.4651062813287682
G31,topology_only,0.000999000999000999,0.4651062813287682
B77,normalized_scores,0.000999000999000999,0.4651062813287682
B77,normalized_ranks,0.000999000999000999,0.4651062813287682
B77,topology_only,0.000999000999000999,0.4651062813287682
C17,normalized_scores,0.3336663336663337,1.0
C17,normalized_ranks,0.03796203796203796,0.9999866420197471
C17,topology_only,0.5774225774225774,1.0
K50,normalized_scores,0.22277722277722278,1.0
K50,normalized_ranks,0.03296703296703297,0.9999492801979885
K50,topology_only,0.3676323676323676,1.0
E71,normalized_scores,1.0,1.0
E71,normalized_ranks,0.000999000999000999,0.4651062813287682
E71,topology_only,1.0,1.0
L82,normalized_scores,0.017982017982017984,0.9955167472335845
L82,normalized_ranks,0.1038961038961039,0.9999999999988985
L82,topology_only,0.026973026973026972,0.9999627968240716
I68,normalized_scores,0.000999000999000999,0.4651062813287682
I68,normalized_ranks,0.000999000999000999,0.4651062813287682
I68,topology_only,0.000999000999000999,0.4651062813287682
R21,normalized_scores,0.985014985014985,1.0
R21,normalized_ranks,0.988011988011988,1.0
R21,topology_only,1.0,1.0
M01,normalized_scores,0.000999000999000999,0.4651062813287682
M01,normalized_ranks,0.000999000999000999,0.4651062813287682
M01,topology_only,0.000999000999000999,0.4651062813287682
C41,normalized_scores,0.000999000999000999,0.4651062813287682
C41,normalized_ranks,0.007992007992007992,0.9319885098622321
C41,topology_only,0.000999000999000999,0.4651062813287682
D35,normalized_scores,1.0,1.0
D35,normalized_ranks,0.981018981018981,1.0
D35,topology_only,1.0,1.0
B75,normalized_scores,0.000999000999000999,0.4651062813287682
B75,normalized_ranks,0.000999000999000999,0.4651062813287682
B75,topology_only,0.000999000999000999,0.4651062813287682
L50,normalized_scores,0.000999000999000999,0.4651062813287682
L50,normalized_ranks,0.000999000999000999,0.4651062813287682
L50,topology_only,0.04095904095904096,0.9999997106816353
E04,normalized_scores,0.903096903096903,1.0
E04,normalized_ranks,1.0,1.0
E04,topology_only,0.997002997002997,1.0
N28,normalized_scores,0.000999000999000999,0.4651062813287682
N28,normalized_ranks,0.000999000999000999,0.4651062813287682
N28,topology_only,0.06793206793206794,0.9999999999457522
P27,normalized_scores,0.3256743256743257,1.0
P27,normalized_ranks,1.0,1.0
P27,topology_only,0.6663336663336663,1.0
D33,normalized_scores,0.46053946053946054,1.0
D33,normalized_ranks,0.17182817182817184,1.0
D33,topology_only,0.6643356643356644,1.0
C95,normalized_scores,0.008991008991008992,0.9434184153158288
C95,normalized_ranks,0.984015984015984,1.0
C95,topology_only,0.17382617382617382,1.0
H90,normalized_scores,0.007992007992007992,0.9274794778693635
H90,normalized_ranks,0.03996003996003996,0.9999917390113722
H90,topology_only,0.10589410589410589,0.9999999999999997
A74,normalized_scores,0.21878121878121878,1.0
A74,normalized_ranks,0.2137862137862138,1.0
A74,topology_only,0.3226773226773227,1.0
Q78,normalized_scores,0.6603396603396603,1.0
Q78,normalized_ranks,0.03396603396603397,0.9999599343488907
Q78,topology_only,0.961038961038961,1.0
A39,normalized_scores,0.3856143856143856,1.0
A39,normalized_ranks,0.5214785214785215,1.0
A39,topology_only,0.6383616383616384,1.0
F48,normalized_scores,0.000999000999000999,0.4651062813287682
F48,normalized_ranks,0.000999000999000999,0.4651062813287682
F48,topology_only,0.000999000999000999,0.4651062813287682
G53,normalized_scores,0.000999000999000999,0.4651062813287682
G53,normalized_ranks,0.000999000999000999,0.4651062813287682
G53,topology_only,0.000999000999000999,0.4651062813287682
K63,normalized_scores,0.001998001998001998,0.5142203926071657
K63,normalized_ranks,0.001998001998001998,0.5332680896844992
K63,topology_only,0.008991008991008992,0.97151788065368
N17,normalized_scores,0.37962037962037964,1.0
N17,normalized_ranks,0.6423576423576424,1.0
N17,topology_only,0.974025974025974,1.0
I73,normalized_scores,0.000999000999000999,0.4651062813287682
I73,normalized_ranks,0.015984015984015984,0.9940477020834245
I73,topology_only,0.01098901098901099,0.9864095274098948
G00,normalized_scores,0.000999000999000999,0.4651062813287682
G00,normalized_ranks,0.000999000999000999,0.4651062813287682
G00,topology_only,0.000999000999000999,0.4651062813287682
K58,normalized_scores,0.35864135864135865,1.0
K58,normalized_ranks,1.0,1.0
K58,topology_only,0.8381618381618382,1.0
F38,normalized_scores,0.000999000999000999,0.4651062813287682
F38,normalized_ranks,0.000999000999000999,0.4651062813287682
F38,topology_only,0.000999000999000999,0.4651062813287682
L04,normalized_scores,0.01098901098901099,0.9678228612093038
L04,normalized_ranks,0.003996003996003996,0.7634139683995398
L04,topology_only,0.017982017982017984,0.9989500987486035
F45,normalized_scores,0.000999000999000999,0.4651062813287682
F45,normalized_ranks,0.000999000999000999,0.4651062813287682
F45,topology_only,0.000999000999000999,0.4651062813287682
M94,normalized_scores,0.46153846153846156,1.0
M94,normalized_ranks,0.9590409590409591,1.0
M94,topology_only,0.955044955044955,1.0
H36,normalized_scores,0.000999000999000999,0.4651062813287682
H36,normalized_ranks,0.002997002997002997,0.6656438699337983
H36,topology_only,0.000999000999000999,0.4651062813287682
H18,normalized_scores,0.6253746253746254,1.0
H18,normalized_ranks,0.6083916083916084,1.0
H18,topology_only,0.9020979020979021,1.0
E25,normalized_scores,0.8161838161838162,1.0
E25,normalized_ranks,0.991008991008991,1.0
E25,topology_only,0.6343656343656343,1.0
I86,normalized_scores,0.007992007992007992,0.9274794778693635
I86,normalized_ranks,1.0,1.0
I86,topology_only,0.7872127872127872,1.0
G44,normalized_scores,0.000999000999000999,0.4651062813287682
G44,normalized_ranks,0.000999000999000999,0.4651062813287682
G44,topology_only,0.000999000999000999,0.4651062813287682
B80,normalized_scores,0.000999000999000999,0.4651062813287682
B80,normalized_ranks,0.000999000999000999,0.4651062813287682
B80,topology_only,0.000999000999000999,0.4651062813287682
F30,normalized_scores,0.000999000999000999,0.4651062813287682
F30,normalized_ranks,0.000999000999000999,0.4651062813287682
F30,topology_only,0.000999000999000999,0.4651062813287682
H47,normalized_scores,0.8631368631368631,1.0
H47,normalized_ranks,0.8111888111888111,1.0
H47,topology_only,0.9820179820179821,1.0
B68,normalized_scores,0.000999000999000999,0.4651062813287682
B68,normalized_ranks,0.000999000999000999,0.4651062813287682
B68,topology_only,0.000999000999000999,0.4651062813287682
L73,normalized_scores,0.44955044955044954,1.0
L73,normalized_ranks,0.11288711288711288,0.9999999999997973
L73,topology_only,0.6753246753246753,1.0
C40,normalized_scores,0.14085914085914086,0.9999999999999807
C40,normalized_ranks,0.04095904095904096,0.9999927570577318
C40,topology_only,0.37662337662337664,1.0
B40,normalized_scores,0.000999000999000999,0.4651062813287682
B40,normalized_ranks,0.000999000999000999,0.4651062813287682
B40,topology_only,0.000999000999000999,0.4651062813287682
G45,normalized_scores,0.000999000999000999,0.4651062813287682
G45,normalized_ranks,0.000999000999000999,0.4651062813287682
G45,topology_only,0.000999000999000999,0.4651062813287682
J30,normalized_scores,0.000999000999000999,0.4651062813287682
J30,normalized_ranks,0.04295704295704296,0.9999958056592388
J30,topology_only,0.002997002997002997,0.7156728475556131
F17,normalized_scores,0.6013986013986014,1.0
F17,normalized_ranks,0.01898101898101898,0.9974196738383502
F17,topology_only,0.9210789210789211,1.0
C53,normalized_scores,0.00999000999000999,0.9572607221405601
C53,normalized_ranks,1.0,1.0
C53,topology_only,0.43656343656343655,1.0
N71,normalized_scores,0.04695304695304695,0.9999961041432351
N71,normalized_ranks,0.07192807192807193,0.9999999970216865
N71,topology_only,0.15284715284715283,1.0
D47,normalized_scores,0.000999000999000999,0.4651062813287682
D47,normalized_ranks,0.000999000999000999,0.4651062813287682
D47,topology_only,0.000999000999000999,0.4651062813287682
B81,normalized_scores,0.000999000999000999,0.4651062813287682
B81,normalized_ranks,0.000999000999000999,0.4651062813287682
B81,topology_only,0.000999000999000999,0.4651062813287682
N75,normalized_scores,0.04195804195804196,0.9999867337927074
N75,normalized_ranks,0.06793206793206794,0.9999999919905064
N75,topology_only,0.12287712287712288,1.0
N74,normalized_scores,0.04095904095904096,0.9999852536893368
N74,normalized_ranks,0.059940059940059943,0.9999999468928553
N74,topology_only,0.13086913086913088,1.0
E07,normalized_scores,1.0,1.0
E07,normalized_ranks,1.0,1.0
E07,topology_only,1.0,1.0
I15,normalized_scores,0.000999000999000999,0.4651062813287682
I15,normalized_ranks,0.000999000999000999,0.4651062813287682
I15,topology_only,0.000999000999000999,0.4651062813287682
C15,normalized_scores,0.000999000999000999,0.4651062813287682
C15,normalized_ranks,1.0,1.0
C15,topology_only,0.8811188811188811,1.0
R41,normalized_scores,0.2867132867132867,1.0
R41,normalized_ranks,0.987012987012987,1.0
R41,topology_only,0.8601398601398601,1.0
G83,normalized_scores,0.000999000999000999,0.4651062813287682
G83,normalized_ranks,0.000999000999000999,0.4651062813287682
G83,topology_only,0.000999000999000999,0.4651062813287682
Q05,normalized_scores,0.000999000999000999,0.4651062813287682
Q05,normalized_ranks,0.7472527472527473,1.0
Q05,topology_only,0.002997002997002997,0.7156728475556131
M93,normalized_scores,0.8951048951048951,1.0
M93,normalized_ranks,0.9010989010989011,1.0
M93,topology_only,0.989010989010989,1.0
J67,normalized_scores,0.007992007992007992,0.9274794778693635
J67,normalized_ranks,0.42657342657342656,1.0
J67,topology_only,0.04295704295704296,0.9999998372242709
Q23,normalized_scores,0.013986013986013986,0.9861816923406443
Q23,normalized_ranks,0.001998001998001998,0.5332680896844992
Q23,topology_only,0.08591408591408592,0.9999999999998401
C48,normalized_scores,0.01898101898101898,0.9965603563544869
C48,normalized_ranks,0.7172827172827173,1.0
C48,topology_only,0.04795204795204795,0.999999970720438
D45,normalized_scores,0.000999000999000999,0.4651062813287682
D45,normalized_ranks,0.03896103896103896,0.9999897163466797
D45,topology_only,0.000999000999000999,0.4651062813287682
E05,normalized_scores,0.000999000999000999,0.4651062813287682
E05,normalized_ranks,0.04995004995004995,0.9999993491061482
E05,topology_only,0.08291708291708291,0.999999999999571
P22,normalized_scores,0.000999000999000999,0.4651062813287682
P22,normalized_ranks,0.003996003996003996,0.7634139683995398
P22,topology_only,1.0,1.0
G96,normalized_scores,0.001998001998001998,0.5142203926071657
G96,normalized_ranks,0.000999000999000999,0.4651062813287682
G96,topology_only,0.000999000999000999,0.4651062813287682
Q73,normalized_scores,0.5094905094905094,1.0
Q73,normalized_ranks,0.06793206793206794,0.9999999919905064
Q73,topology_only,1.0,1.0
K22,normalized_scores,0.053946053946053944,0.9999992779705886
K22,normalized_ranks,1.0,1.0
K22,topology_only,0.3176823176823177,1.0
I40,normalized_scores,0.3836163836163836,1.0
I40,normalized_ranks,1.0,1.0
I40,topology_only,0.6533466533466533,1.0
F95,normalized_scores,0.26973026973026976,1.0
F95,normalized_ranks,0.7202797202797203,1.0
F95,topology_only,0.5734265734265734,1.0
C71,normalized_scores,0.000999000999000999,0.4651062813287682
C71,normalized_ranks,0.000999000999000999,0.4651062813287682
C71,topology_only,0.001998001998001998,0.5776835174323569
G06,normalized_scores,0.000999000999000999,0.4651062813287682
G06,normalized_ranks,0.000999000999000999,0.4651062813287682
G06,topology_only,0.000999000999000999,0.4651062813287682
B50,normalized_scores,0.003996003996003996,0.7447130799013585
B50,normalized_ranks,0.2857142857142857,1.0
B50,topology_only,0.24175824175824176,1.0
M12,normalized_scores,0.000999000999000999,0.4651062813287682
M12,normalized_ranks,0.000999000999000999,0.4651062813287682
M12,topology_only,0.000999000999000999,0.4651062813287682
K90,normalized_scores,0.000999000999000999,0.4651062813287682
K90,normalized_ranks,0.055944055944055944,0.9999998505896885
K90,topology_only,0.001998001998001998,0.5776835174323569
D61,normalized_scores,0.000999000999000999,0.4651062813287682
D61,normalized_ranks,0.000999000999000999,0.4651062813287682
D61,topology_only,0.001998001998001998,0.5776835174323569
D25,normalized_scores,0.000999000999000999,0.4651062813287682
D25,normalized_ranks,0.955044955044955,1.0
D25,topology_only,1.0,1.0
Q98,normalized_scores,0.013986013986013986,0.9861816923406443
Q98,normalized_ranks,1.0,1.0
Q98,topology_only,0.3276723276723277,1.0
A46,normalized_scores,0.8891108891108891,1.0
A46,normalized_ranks,0.6683316683316683,1.0
A46,topology_only,1.0,1.0
N18,normalized_scores,0.000999000999000999,0.4651062813287682
N18,normalized_ranks,0.000999000999000999,0.4651062813287682
N18,topology_only,0.000999000999000999,0.4651062813287682
I64,normalized_scores,0.000999000999000999,0.4651062813287682
I64,normalized_ranks,0.000999000999000999,0.4651062813287682
I64,topology_only,0.000999000999000999,0.4651062813287682
P96,normalized_scores,0.000999000999000999,0.4651062813287682
P96,normalized_ranks,0.000999000999000999,0.4651062813287682
P96,topology_only,0.000999000999000999,0.4651062813287682
N98,normalized_scores,0.999000999000999,1.0
N98,normalized_ranks,0.999000999000999,1.0
N98,topology_only,1.0,1.0
G90,normalized_scores,0.000999000999000999,0.4651062813287682
G90,normalized_ranks,0.000999000999000999,0.4651062813287682
G90,topology_only,0.000999000999000999,0.4651062813287682
D52,normalized_scores,0.9530469530469531,1.0
D52,normalized_ranks,0.997002997002997,1.0
D52,topology_only,0.99000999000999,1.0
K76,normalized_scores,0.000999000999000999,0.4651062813287682
K76,normalized_ranks,0.000999000999000999,0.4651062813287682
K76,topology_only,0.014985014985014986,0.9967768669345171
D18,normalized_scores,0.999000999000999,1.0
D18,normalized_ranks,1.0,1.0
D18,topology_only,1.0,1.0
B37,normalized_scores,0.04895104895104895,0.9999976212944081
B37,normalized_ranks,0.004995004995004995,0.8222887073825156
B37,topology_only,0.1108891108891109,0.9999999999999999
E26,normalized_scores,0.000999000999000999,0.4651062813287682
E26,normalized_ranks,0.003996003996003996,0.7634139683995398
E26,topology_only,0.001998001998001998,0.5776835174323569
I63,normalized_scores,0.000999000999000999,0.4651062813287682
I63,normalized_ranks,0.000999000999000999,0.4651062813287682
I63,topology_only,0.013986013986013986,0.9955218269388926
B55,normalized_scores,0.03596403596403597,0.9999473885286558
B55,normalized_ranks,0.44955044955044954,1.0
B55,topology_only,0.3336663336663337,1.0
K72,normalized_scores,0.12987012987012986,0.9999999999999224
K72,normalized_ranks,0.04795204795204795,0.9999989927684807
K72,topology_only,0.8911088911088911,1.0
G46,normalized_scores,0.000999000999000999,0.4651062813287682
G46,normalized_ranks,0.000999000999000999,0.4651062813287682
G46,topology_only,0.000999000999000999,0.4651062813287682
G21,normalized_scores,0.000999000999000999,0.4651062813287682
G21,normalized_ranks,0.000999000999000999,0.4651062813287682
G21,topology_only,0.000999000999000999,0.4651062813287682
B70,normalized_scores,0.000999000999000999,0.4651062813287682
B70,normalized_ranks,0.000999000999000999,0.4651062813287682
B70,topology_only,0.000999000999000999,0.4651062813287682
C02,normalized_scores,0.007992007992007992,0.9274794778693635
C02,normalized_ranks,0.056943056943056944,0.9999998813375326
C02,topology_only,0.17782217782217782,1.0
C25,normalized_scores,0.2047952047952048,1.0
C25,normalized_ranks,0.999000999000999,1.0
C25,topology_only,0.7132867132867133,1.0
J43,normalized_scores,0.000999000999000999,0.4651062813287682
J43,normalized_ranks,0.000999000999000999,0.4651062813287682
J43,topology_only,0.000999000999000999,0.4651062813287682
F39,normalized_scores,0.000999000999000999,0.4651062813287682
F39,normalized_ranks,0.000999000999000999,0.4651062813287682
F39,topology_only,0.000999000999000999,0.4651062813287682
G32,normalized_scores,0.000999000999000999,0.4651062813287682
G32,normalized_ranks,0.000999000999000999,0.4651062813287682
G32,topology_only,0.000999000999000999,0.4651062813287682
D15,normalized_scores,0.09490509490509491,0.9999999998789532
D15,normalized_ranks,0.33966033966033965,1.0
D15,topology_only,0.1978021978021978,1.0
H80,normalized_scores,0.3836163836163836,1.0
H80,normalized_ranks,0.12787212787212787,0.9999999999999918
H80,topology_only,1.0,1.0
E84,normalized_scores,0.0979020979020979,0.999999999922851
E84,normalized_ranks,0.016983016983016984,0.9955405364261157
E84,topology_only,0.6343656343656343,1.0
L85,normalized_scores,0.7472527472527473,1.0
L85,normalized_ranks,0.6503496503496503,1.0
L85,topology_only,0.9400599400599401,1.0
A98,normalized_scores,0.24175824175824176,1.0
A98,normalized_ranks,0.6713286713286714,1.0
A98,topology_only,0.6033966033966034,1.0
A92,normalized_scores,0.000999000999000999,0.4651062813287682
A92,normalized_ranks,0.000999000999000999,0.4651062813287682
A92,topology_only,0.000999000999000999,0.4651062813287682
O01,normalized_scores,0.000999000999000999,0.4651062813287682
O01,normalized_ranks,0.003996003996003996,0.7634139683995398
O01,topology_only,0.000999000999000999,0.4651062813287682
G81,normalized_scores,0.000999000999000999,0.4651062813287682
G81,normalized_ranks,0.000999000999000999,0.4651062813287682
G81,topology_only,0.000999000999000999,0.4651062813287682
J69,normalized_scores,0.8891108891108891,1.0
J69,normalized_ranks,1.0,1.0
J69,topology_only,0.995004995004995,1.0
N16,normalized_scores,0.5484515484515484,1.0
N16,normalized_ranks,0.7432567432567433,1.0
N16,topology_only,1.0,1.0
A02,normalized_scores,0.4675324675324675,1.0
A02,normalized_ranks,0.998001998001998,1.0
A02,topology_only,1.0,1.0
H31,normalized_scores,0.004995004995004995,0.8159489924694929
H31,normalized_ranks,0.003996003996003996,0.7634139683995398
H31,topology_only,0.06893106893106893,0.9999999999593636
B38,normalized_scores,0.000999000999000999,0.4651062813287682
B38,normalized_ranks,0.000999000999000999,0.4651062813287682
B38,topology_only,0.000999000999000999,0.4651062813287682
M79,normalized_scores,0.000999000999000999,0.4651062813287682
M79,normalized_ranks,0.08091908091908091,0.9999999996490321
M79,topology_only,0.000999000999000999,0.4651062813287682
A48,normalized_scores,0.001998001998001998,0.5142203926071657
A48,normalized_ranks,0.18581418581418582,1.0
A48,topology_only,0.06393606393606394,0.9999999998126865
O24,normalized_scores,0.000999000999000999,0.4651062813287682
O24,normalized_ranks,1.0,1.0
O24,topology_only,0.008991008991008992,0.97151788065368
E02,normalized_scores,1.0,1.0
E02,normalized_ranks,1.0,1.0
E02,topology_only,1.0,1.0
G55,normalized_scores,0.000999000999000999,0.4651062813287682
G55,normalized_ranks,0.000999000999000999,0.4651062813287682
G55,topology_only,0.000999000999000999,0.4651062813287682
I11,normalized_scores,0.000999000999000999,0.4651062813287682
I11,normalized_ranks,0.000999000999000999,0.4651062813287682
I11,topology_only,0.000999000999000999,0.4651062813287682
N41,normalized_scores,0.024975024975024976,0.9992211488364834
N41,normalized_ranks,0.34865134865134867,1.0
N41,topology_only,1.0,1.0
F52,normalized_scores,0.4145854145854146,1.0
F52,normalized_ranks,0.9010989010989011,1.0
F52,topology_only,0.7762237762237763,1.0
N80,normalized_scores,0.986013986013986,1.0
N80,normalized_ranks,1.0,1.0
N80,topology_only,1.0,1.0
H53,normalized_scores,0.968031968031968,1.0
H53,normalized_ranks,0.8041958041958042,1.0
H53,topology_only,0.997002997002997,1.0
C84,normalized_scores,0.973026973026973,1.0
C84,normalized_ranks,1.0,1.0
C84,topology_only,0.986013986013986,1.0
R48,normalized_scores,0.36363636363636365,1.0
R48,normalized_ranks,0.1108891108891109,0.9999999999996879
R48,topology_only,0.6823176823176823,1.0
H05,normalized_scores,0.1888111888111888,1.0
H05,normalized_ranks,0.4925074925074925,1.0
H05,topology_only,0.43456543456543456,1.0
Q87,normalized_scores,0.000999000999000999,0.4651062813287682
Q87,normalized_ranks,0.000999000999000999,0.4651062813287682
Q87,topology_only,0.03796203796203796,0.9999992947408487
G11,normalized_scores,0.002997002997002997,0.6438905078833703
G11,normalized_ranks,0.000999000999000999,0.4651062813287682
G11,topology_only,0.000999000999000999,0.4651062813287682
G73,normalized_scores,0.000999000999000999,0.4651062813287682
G73,normalized_ranks,0.000999000999000999,0.4651062813287682
G73,topology_only,0.000999000999000999,0.4651062813287682
F34,normalized_scores,0.000999000999000999,0.4651062813287682
F34,normalized_ranks,0.000999000999000999,0.4651062813287682
F34,topology_only,0.000999000999000999,0.4651062813287682
B71,normalized_scores,0.000999000999000999,0.4651062813287682
B71,normalized_ranks,0.000999000999000999,0.4651062813287682
B71,topology_only,0.000999000999000999,0.4651062813287682
K73,normalized_scores,0.2047952047952048,1.0
K73,normalized_ranks,0.7992007992007992,1.0
K73,topology_only,0.8121878121878122,1.0
K71,normalized_scores,0.04095904095904096,0.9999852536893368
K71,normalized_ranks,0.053946053946053944,0.999999761837753
K71,topology_only,0.4205794205794206,1.0
D58,normalized_scores,0.0959040959040959,0.9999999998960304
D58,normalized_ranks,0.1068931068931069,0.9999999999994044
D58,topology_only,0.18981018981018982,1.0
G62,normalized_scores,0.016983016983016984,0.994134483165238
G62,normalized_ranks,0.000999000999000999,0.4651062813287682
G62,topology_only,0.000999000999000999,0.4651062813287682
G51,normalized_scores,0.000999000999000999,0.4651062813287682
G51,normalized_ranks,0.000999000999000999,0.4651062813287682
G51,topology_only,0.000999000999000999,0.4651062813287682
J99,normalized_scores,0.008991008991008992,0.9434184153158288
J99,normalized_ranks,0.029970029970029972,0.9998846612012995
J99,topology_only,0.054945054945054944,0.9999999972803466
E85,normalized_scores,0.5634365634365635,1.0
E85,normalized_ranks,0.15084915084915085,1.0
E85,topology_only,0.9920079920079921,1.0
B44,normalized_scores,0.000999000999000999,0.4651062813287682
B44,normalized_ranks,0.000999000999000999,0.4651062813287682
B44,topology_only,0.000999000999000999,0.4651062813287682
C94,normalized_scores,0.000999000999000999,0.4651062813287682
C94,normalized_ranks,0.000999000999000999,0.4651062813287682
C94,topology_only,0.001998001998001998,0.5776835174323569
M77,normalized_scores,0.9240759240759241,1.0
M77,normalized_ranks,1.0,1.0
M77,topology_only,0.8871128871128872,1.0
Q27,normalized_scores,0.001998001998001998,0.5142203926071657
Q27,normalized_ranks,0.000999000999000999,0.4651062813287682
Q27,topology_only,0.5674325674325674,1.0
B79,normalized_scores,0.000999000999000999,0.4651062813287682
B79,normalized_ranks,0.000999000999000999,0.4651062813287682
B79,topology_only,0.000999000999000999,0.4651062813287682
K21,normalized_scores,0.030969030969030968,0.9998505334878142
K21,normalized_ranks,0.060939060939060936,0.9999999519235934
K21,topology_only,0.19080919080919082,1.0
C61,normalized_scores,0.03296703296703297,0.9999008364757741
C61,normalized_ranks,0.001998001998001998,0.5332680896844992
C61,topology_only,0.7972027972027972,1.0
C49,normalized_scores,0.000999000999000999,0.4651062813287682
C49,normalized_ranks,0.000999000999000999,0.4651062813287682
C49,topology_only,0.002997002997002997,0.7156728475556131
K26,normalized_scores,0.14485514485514486,0.9999999999999915
K26,normalized_ranks,0.03996003996003996,0.9999917390113722
K26,topology_only,0.6283716283716284,1.0
I01,normalized_scores,0.000999000999000999,0.4651062813287682
I01,normalized_ranks,0.003996003996003996,0.7634139683995398
I01,topology_only,0.000999000999000999,0.4651062813287682
F02,normalized_scores,0.6043956043956044,1.0
F02,normalized_ranks,1.0,1.0
F02,topology_only,0.926073926073926,1.0
D68,normalized_scores,0.008991008991008992,0.9434184153158288
D68,normalized_ranks,0.000999000999000999,0.4651062813287682
D68,topology_only,0.17782217782217782,1.0
M88,normalized_scores,0.01098901098901099,0.9678228612093038
M88,normalized_ranks,0.000999000999000999,0.4651062813287682
M88,topology_only,0.058941058941058944,0.9999999990516815
D64,normalized_scores,0.000999000999000999,0.4651062813287682
D64,normalized_ranks,0.000999000999000999,0.4651062813287682
D64,topology_only,0.002997002997002997,0.7156728475556131
E01,normalized_scores,1.0,1.0
E01,normalized_ranks,1.0,1.0
E01,topology_only,1.0,1.0
N63,normalized_scores,0.057942057942057944,0.9999996693231328
N63,normalized_ranks,0.015984015984015984,0.9940477020834245
N63,topology_only,0.1028971028971029,0.9999999999999992
D81,normalized_scores,0.012987012987012988,0.9819232562249784
D81,normalized_ranks,0.007992007992007992,0.9319885098622321
D81,topology_only,0.00999000999000999,0.9804694629199124
A51,normalized_scores,0.999000999000999,1.0
A51,normalized_ranks,1.0,1.0
A51,topology_only,1.0,1.0
R73,normalized_scores,0.000999000999000999,0.4651062813287682
R73,normalized_ranks,0.000999000999000999,0.4651062813287682
R73,topology_only,0.000999000999000999,0.4651062813287682
A85,normalized_scores,0.7912087912087912,1.0
A85,normalized_ranks,0.6053946053946054,1.0
A85,topology_only,0.987012987012987,1.0
M34,normalized_scores,0.8421578421578422,1.0
M34,normalized_ranks,0.971028971028971,1.0
M34,topology_only,0.978021978021978,1.0
J63,normalized_scores,0.14885114885114886,0.9999999999999956
J63,normalized_ranks,0.2087912087912088,1.0
J63,topology_only,0.1968031968031968,1.0
C83,normalized_scores,0.000999000999000999,0.4651062813287682
C83,normalized_ranks,0.4165834165834166,1.0
C83,topology_only,0.04195804195804196,0.9999997739122146
B78,normalized_scores,0.000999000999000999,0.4651062813287682
B78,normalized_ranks,0.000999000999000999,0.4651062813287682
B78,topology_only,0.000999000999000999,0.4651062813287682
G20,normalized_scores,0.000999000999000999,0.4651062813287682
G20,normalized_ranks,0.000999000999000999,0.4651062813287682
G20,topology_only,0.001998001998001998,0.5776835174323569
L98,normalized_scores,0.5574425574425574,1.0
L98,normalized_ranks,0.7352647352647352,1.0
L98,topology_only,0.8751248751248751,1.0
G61,normalized_scores,0.000999000999000999,0.4651062813287682
G61,normalized_ranks,0.000999000999000999,0.4651062813287682
G61,topology_only,0.000999000999000999,0.4651062813287682
I49,normalized_scores,0.13386613386613386,0.9999999999999619
I49,normalized_ranks,0.005994005994005994,0.8712787899120193
I49,topology_only,0.42857142857142855,1.0
I44,normalized_scores,0.000999000999000999,0.4651062813287682
I44,normalized_ranks,0.000999000999000999,0.4651062813287682
I44,topology_only,0.08891108891108891,0.9999999999999403
N20,normalized_scores,0.000999000999000999,0.4651062813287682
N20,normalized_ranks,0.000999000999000999,0.4651062813287682
N20,topology_only,0.002997002997002997,0.7156728475556131
D82,normalized_scores,0.986013986013986,1.0
D82,normalized_ranks,0.8091908091908092,1.0
D82,topology_only,0.994005994005994,1.0
A94,normalized_scores,0.000999000999000999,0.4651062813287682
A94,normalized_ranks,0.5374625374625375,1.0
A94,topology_only,0.000999000999000999,0.4651062813287682
Q21,normalized_scores,0.22077922077922077,1.0
Q21,normalized_ranks,0.994005994005994,1.0
Q21,topology_only,0.8831168831168831,1.0
B65,normalized_scores,0.000999000999000999,0.4651062813287682
B65,normalized_ranks,0.000999000999000999,0.4651062813287682
B65,topology_only,0.000999000999000999,0.4651062813287682
E06,normalized_scores,0.8731268731268731,1.0
E06,normalized_ranks,0.998001998001998,1.0
E06,topology_only,0.8641358641358642,1.0
E88,normalized_scores,0.000999000999000999,0.4651062813287682
E88,normalized_ranks,0.000999000999000999,0.4651062813287682
E88,topology_only,0.000999000999000999,0.4651062813287682
M81,normalized_scores,0.000999000999000999,0.4651062813287682
M81,normalized_ranks,0.07992007992007992,0.9999999995726161
M81,topology_only,0.03396603396603397,0.9999972949260635
A22,normalized_scores,1.0,1.0
A22,normalized_ranks,1.0,1.0
A22,topology_only,1.0,1.0
C73,normalized_scores,0.000999000999000999,0.4651062813287682
C73,normalized_ranks,0.47352647352647353,1.0
C73,topology_only,0.06493506493506493,0.9999999998508315
B76,normalized_scores,0.000999000999000999,0.4651062813287682
B76,normalized_ranks,0.000999000999000999,0.4651062813287682
B76,topology_only,0.000999000999000999,0.4651062813287682
G41,normalized_scores,0.000999000999000999,0.4651062813287682
G41,normalized_ranks,0.000999000999000999,0.4651062813287682
G41,topology_only,0.000999000999000999,0.4651062813287682
D37,normalized_scores,0.6763236763236763,1.0
D37,normalized_ranks,0.5894105894105894,1.0
D37,topology_only,0.8391608391608392,1.0
M45,normalized_scores,0.6113886113886113,1.0
M45,normalized_ranks,0.46353646353646355,1.0
M45,topology_only,0.9020979020979021,1.0
H81,normalized_scores,0.000999000999000999,0.4651062813287682
H81,normalized_ranks,0.34265734265734266,1.0
H81,topology_only,0.000999000999000999,0.4651062813287682
G24,normalized_scores,0.004995004995004995,0.8159489924694929
G24,normalized_ranks,0.000999000999000999,0.4651062813287682
G24,topology_only,0.000999000999000999,0.4651062813287682
N30,normalized_scores,0.000999000999000999,0.4651062813287682
N30,normalized_ranks,0.7782217782217782,1.0
N30,topology_only,0.2777222777222777,1.0
P59,normalized_scores,0.5154845154845155,1.0
P59,normalized_ranks,0.11688311688311688,0.9999999999999237
P59,topology_only,0.7132867132867133,1.0
C58,normalized_scores,0.2627372627372627,1.0
C58,normalized_ranks,0.46853146853146854,1.0
C58,topology_only,0.22377622377622378,1.0
J44,normalized_scores,0.08091908091908091,0.9999999983971238
J44,normalized_ranks,0.01098901098901099,0.9727375940383501
J44,topology_only,0.6963036963036963,1.0
E73,normalized_scores,0.000999000999000999,0.4651062813287682
E73,normalized_ranks,0.000999000999000999,0.4651062813287682
E73,topology_only,1.0,1.0
K14,normalized_scores,0.012987012987012988,0.9819232562249784
K14,normalized_ranks,0.001998001998001998,0.5332680896844992
K14,topology_only,0.03496503496503497,0.9999980904628746
E70,normalized_scores,0.000999000999000999,0.4651062813287682
E70,normalized_ranks,0.000999000999000999,0.4651062813287682
E70,topology_only,1.0,1.0
A68,normalized_scores,0.948051948051948,1.0
A68,normalized_ranks,1.0,1.0
A68,topology_only,1.0,1.0
G14,normalized_scores,0.000999000999000999,0.4651062813287682
G14,normalized_ranks,0.000999000999000999,0.4651062813287682
G14,topology_only,0.000999000999000999,0.4651062813287682
B39,normalized_scores,0.07392607392607392,0.9999999927299027
B39,normalized_ranks,0.000999000999000999,0.4651062813287682
B39,topology_only,0.1068931068931069,0.9999999999999998
K31,normalized_scores,0.6933066933066933,1.0
K31,normalized_ranks,0.4175824175824176,1.0
K31,topology_only,0.9280719280719281,1.0
G64,normalized_scores,0.000999000999000999,0.4651062813287682
G64,normalized_ranks,0.000999000999000999,0.4651062813287682
G64,topology_only,0.000999000999000999,0.4651062813287682
A15,normalized_scores,1.0,1.0
A15,normalized_ranks,1.0,1.0
A15,topology_only,1.0,1.0
D84,normalized_scores,0.000999000999000999,0.4651062813287682
D84,normalized_ranks,0.000999000999000999,0.4651062813287682
D84,topology_only,0.000999000999000999,0.4651062813287682
G95,normalized_scores,0.000999000999000999,0.4651062813287682
G95,normalized_ranks,0.000999000999000999,0.4651062813287682
G95,topology_only,0.000999000999000999,0.4651062813287682
P39,normalized_scores,0.5654345654345654,1.0
P39,normalized_ranks,1.0,1.0
P39,topology_only,1.0,1.0
I27,normalized_scores,0.03396603396603397,0.9999200305198581
I27,normalized_ranks,0.000999000999000999,0.4651062813287682
I27,topology_only,0.36563436563436563,1.0
B57,normalized_scores,0.4255744255744256,1.0
B57,normalized_ranks,0.5694305694305695,1.0
B57,topology_only,0.6873126873126874,1.0
Q93,normalized_scores,1.0,1.0
Q93,normalized_ranks,0.7622377622377622,1.0
Q93,topology_only,1.0,1.0
H42,normalized_scores,0.000999000999000999,0.4651062813287682
H42,normalized_ranks,0.8631368631368631,1.0
H42,topology_only,0.05194805194805195,0.9999999922152041
E55,normalized_scores,0.000999000999000999,0.4651062813287682
E55,normalized_ranks,0.000999000999000999,0.4651062813287682
E55,topology_only,0.000999000999000999,0.4651062813287682
P61,normalized_scores,0.7842157842157842,1.0
P61,normalized_ranks,0.6703296703296703,1.0
P61,topology_only,1.0,1.0
I69,normalized_scores,0.000999000999000999,0.4651062813287682
I69,normalized_ranks,0.000999000999000999,0.4651062813287682
I69,topology_only,0.000999000999000999,0.4651062813287682
D69,normalized_scores,0.000999000999000999,0.4651062813287682
D69,normalized_ranks,0.000999000999000999,0.4651062813287682
D69,topology_only,0.001998001998001998,0.5776835174323569
E13,normalized_scores,0.000999000999000999,0.4651062813287682
E13,normalized_ranks,0.017982017982017984,0.9966464539774055
E13,topology_only,0.000999000999000999,0.4651062813287682
I06,normalized_scores,0.000999000999000999,0.4651062813287682
I06,normalized_ranks,0.000999000999000999,0.4651062813287682
I06,topology_only,0.007992007992007992,0.9586454886631259
I85,normalized_scores,0.001998001998001998,0.5142203926071657
I85,normalized_ranks,0.001998001998001998,0.5332680896844992
I85,topology_only,0.002997002997002997,0.7156728475556131
G93,normalized_scores,0.000999000999000999,0.4651062813287682
G93,normalized_ranks,0.000999000999000999,0.4651062813287682
G93,topology_only,0.000999000999000999,0.4651062813287682
G71,normalized_scores,0.000999000999000999,0.4651062813287682
G71,normalized_ranks,0.000999000999000999,0.4651062813287682
G71,topology_only,0.000999000999000999,0.4651062813287682
F81,normalized_scores,0.000999000999000999,0.4651062813287682
F81,normalized_ranks,0.37662337662337664,1.0
F81,topology_only,0.056943056943056944,0.9999999984507582
E23,normalized_scores,0.6803196803196803,1.0
E23,normalized_ranks,0.25274725274725274,1.0
E23,topology_only,0.972027972027972,1.0
D43,normalized_scores,0.2177822177822178,1.0
D43,normalized_ranks,0.6453546453546454,1.0
D43,topology_only,0.25874125874125875,1.0
E12,normalized_scores,0.000999000999000999,0.4651062813287682
E12,normalized_ranks,0.0899100899100899,0.9999999999555033
E12,topology_only,0.000999000999000999,0.4651062813287682
C74,normalized_scores,0.2947052947052947,1.0
C74,normalized_ranks,0.2597402597402597,1.0
C74,topology_only,0.8101898101898102,1.0
G12,normalized_scores,0.03196803196803197,0.9998765625955042
G12,normalized_ranks,0.000999000999000999,0.4651062813287682
G12,topology_only,0.000999000999000999,0.4651062813287682
G70,normalized_scores,0.000999000999000999,0.4651062813287682
G70,normalized_ranks,0.000999000999000999,0.4651062813287682
G70,topology_only,0.000999000999000999,0.4651062813287682
B51,normalized_scores,0.8551448551448552,1.0
B51,normalized_ranks,1.0,1.0
B51,topology_only,0.998001998001998,1.0
L93,normalized_scores,0.6433566433566433,1.0
L93,normalized_ranks,0.98001998001998,1.0
L93,topology_only,0.8261738261738262,1.0
F82,normalized_scores,0.43656343656343655,1.0
F82,normalized_ranks,0.01998001998001998,0.9980429886731208
F82,topology_only,0.7972027972027972,1.0
A30,normalized_scores,0.23176823176823177,1.0
A30,normalized_ranks,0.8681318681318682,1.0
A30,topology_only,0.5264735264735265,1.0
A49,normalized_scores,0.000999000999000999,0.4651062813287682
A49,normalized_ranks,0.001998001998001998,0.5332680896844992
A49,topology_only,0.054945054945054944,0.9999999972803466
N11,normalized_scores,0.3906093906093906,1.0
N11,normalized_ranks,0.5234765234765235,1.0
N11,topology_only,1.0,1.0
G07,normalized_scores,0.000999000999000999,0.4651062813287682
G07,normalized_ranks,0.000999000999000999,0.4651062813287682
G07,topology_only,0.000999000999000999,0.4651062813287682
I48,normalized_scores,0.000999000999000999,0.4651062813287682
I48,normalized_ranks,0.000999000999000999,0.4651062813287682
I48,topology_only,0.000999000999000999,0.4651062813287682
D80,normalized_scores,0.0999000999000999,0.9999999999359043
D80,normalized_ranks,0.059940059940059943,0.9999999468928553
D80,topology_only,0.0899100899100899,0.9999999999999541
F40,normalized_scores,0.000999000999000999,0.4651062813287682
F40,normalized_ranks,0.000999000999000999,0.4651062813287682
F40,topology_only,0.000999000999000999,0.4651062813287682
T88,normalized_scores,0.13886113886113885,0.9999999999999757
T88,normalized_ranks,0.00999000999000999,0.9636034338426799
T88,topology_only,0.5204795204795205,1.0
I51,normalized_scores,0.000999000999000999,0.4651062813287682
I51,normalized_ranks,0.000999000999000999,0.4651062813287682
I51,topology_only,0.058941058941058944,0.9999999990516815
N26,normalized_scores,0.000999000999000999,0.4651062813287682
N26,normalized_ranks,0.004995004995004995,0.8222887073825156
N26,topology_only,0.002997002997002997,0.7156728475556131
E10,normalized_scores,0.000999000999000999,0.4651062813287682
E10,normalized_ranks,0.000999000999000999,0.4651062813287682
E10,topology_only,0.06393606393606394,0.9999999998126865
H04,normalized_scores,1.0,1.0
H04,normalized_ranks,1.0,1.0
H04,topology_only,1.0,1.0
C86,normalized_scores,0.01898101898101898,0.9965603563544869
C86,normalized_ranks,0.1878121878121878,1.0
C86,topology_only,0.025974025974025976,0.9999468649254812
N05,normalized_scores,0.000999000999000999,0.4651062813287682
N05,normalized_ranks,0.017982017982017984,0.9966464539774055
N05,topology_only,0.007992007992007992,0.9586454886631259
L94,normalized_scores,0.08791208791208792,0.9999999995118525
L94,normalized_ranks,0.46653346653346656,1.0
L94,topology_only,0.21478521478521478,1.0
R80,normalized_scores,0.000999000999000999,0.4651062813287682
R80,normalized_ranks,0.02097902097902098,0.9985101468914273
R80,topology_only,0.03696303696303696,0.9999990436695947
B56,normalized_scores,0.000999000999000999,0.4651062813287682
B56,normalized_ranks,0.006993006993006993,0.9060433699815045
B56,topology_only,0.002997002997002997,0.7156728475556131
C64,normalized_scores,0.000999000999000999,0.4651062813287682
C64,normalized_ranks,0.07592407592407592,0.9999999988787615
C64,topology_only,0.003996003996003996,0.8047814963447564
E67,normalized_scores,0.5914085914085914,1.0
E67,normalized_ranks,0.38961038961038963,1.0
E67,topology_only,1.0,1.0
L74,normalized_scores,0.5744255744255744,1.0
L74,normalized_ranks,0.9120879120879121,1.0
L74,topology_only,0.7022977022977023,1.0
G59,normalized_scores,0.000999000999000999,0.4651062813287682
G59,normalized_ranks,0.000999000999000999,0.4651062813287682
G59,topology_only,0.000999000999000999,0.4651062813287682
Q25,normalized_scores,0.19480519480519481,1.0
Q25,normalized_ranks,0.12187812187812187,0.999999999999975
Q25,topology_only,0.6973026973026973,1.0
G37,normalized_scores,0.01898101898101898,0.9965603563544869
G37,normalized_ranks,0.000999000999000999,0.4651062813287682
G37,topology_only,0.000999000999000999,0.4651062813287682
J13,normalized_scores,0.028971028971028972,0.9997416284607114
J13,normalized_ranks,0.9690309690309691,1.0
J13,topology_only,1.0,1.0
L40,normalized_scores,0.07892107892107893,0.9999999977099965
L40,normalized_ranks,0.01098901098901099,0.9727375940383501
L40,topology_only,0.5454545454545454,1.0
R10,normalized_scores,0.03496503496503497,0.999937524561842
R10,normalized_ranks,0.002997002997002997,0.6656438699337983
R10,topology_only,0.13386613386613386,1.0
A18,normalized_scores,0.6863136863136863,1.0
A18,normalized_ranks,0.7992007992007992,1.0
A18,topology_only,0.961038961038961,1.0
B54,normalized_scores,0.8691308691308691,1.0
B54,normalized_ranks,1.0,1.0
B54,topology_only,0.996003996003996,1.0
B34,normalized_scores,0.000999000999000999,0.4651062813287682
B34,normalized_ranks,0.5574425574425574,1.0
B34,topology_only,0.000999000999000999,0.4651062813287682
A19,normalized_scores,0.6723276723276723,1.0
A19,normalized_ranks,1.0,1.0
A19,topology_only,0.3126873126873127,1.0
E83,normalized_scores,0.000999000999000999,0.4651062813287682
E83,normalized_ranks,0.000999000999000999,0.4651062813287682
E83,topology_only,0.000999000999000999,0.4651062813287682
E03,normalized_scores,0.000999000999000999,0.4651062813287682
E03,normalized_ranks,0.000999000999000999,0.4651062813287682
E03,topology_only,0.000999000999000999,0.4651062813287682
Q24,normalized_scores,0.000999000999000999,0.4651062813287682
Q24,normalized_ranks,0.000999000999000999,0.4651062813287682
Q24,topology_only,0.000999000999000999,0.4651062813287682
K56,normalized_scores,0.42657342657342656,1.0
K56,normalized_ranks,0.061938061938061936,0.9999999614686302
K56,topology_only,1.0,1.0
K62,normalized_scores,0.9820179820179821,1.0
K62,normalized_ranks,0.9690309690309691,1.0
K62,topology_only,0.996003996003996,1.0
M30,normalized_scores,0.2857142857142857,1.0
M30,normalized_ranks,0.023976023976023976,0.9993748448448655
M30,topology_only,0.6853146853146853,1.0
F33,normalized_scores,0.000999000999000999,0.4651062813287682
F33,normalized_ranks,0.000999000999000999,0.4651062813287682
F33,topology_only,0.000999000999000999,0.4651062813287682
E20,normalized_scores,0.21678321678321677,1.0
E20,normalized_ranks,0.01098901098901099,0.9727375940383501
E20,topology_only,0.4155844155844156,1.0
G54,normalized_scores,0.000999000999000999,0.4651062813287682
G54,normalized_ranks,0.000999000999000999,0.4651062813287682
G54,topology_only,0.000999000999000999,0.4651062813287682
F63,normalized_scores,0.000999000999000999,0.4651062813287682
F63,normalized_ranks,0.000999000999000999,0.4651062813287682
F63,topology_only,0.000999000999000999,0.4651062813287682
B36,normalized_scores,0.000999000999000999,0.4651062813287682
B36,normalized_ranks,0.000999000999000999,0.4651062813287682
B36,topology_only,0.000999000999000999,0.4651062813287682
I78,normalized_scores,0.017982017982017984,0.9955167472335845
I78,normalized_ranks,0.054945054945054944,0.9999998115335089
I78,topology_only,0.1088911088911089,0.9999999999999998
H55,normalized_scores,0.5754245754245755,1.0
H55,normalized_ranks,0.7362637362637363,1.0
H55,topology_only,0.8731268731268731,1.0
C72,normalized_scores,0.0989010989010989,0.9999999999333495
C72,normalized_ranks,0.9270729270729271,1.0
C72,topology_only,0.5034965034965035,1.0
H66,normalized_scores,0.03196803196803197,0.9998765625955042
H66,normalized_ranks,0.026973026973026972,0.9997407530960218
H66,topology_only,0.14585414585414586,1.0
I42,normalized_scores,0.002997002997002997,0.6438905078833703
I42,normalized_ranks,0.000999000999000999,0.4651062813287682
I42,topology_only,0.16583416583416583,1.0
D57,normalized_scores,0.000999000999000999,0.4651062813287682
D57,normalized_ranks,0.001998001998001998,0.5332680896844992
D57,topology_only,0.000999000999000999,0.4651062813287682
Q13,normalized_scores,0.8981018981018981,1.0
Q13,normalized_ranks,0.14485514485514486,0.9999999999999999
Q13,topology_only,0.989010989010989,1.0
J47,normalized_scores,0.4785214785214785,1.0
J47,normalized_ranks,0.5114885114885115,1.0
J47,topology_only,0.8081918081918081,1.0
K92,normalized_scores,0.03496503496503497,0.999937524561842
K92,normalized_ranks,0.4905094905094905,1.0
K92,topology_only,0.3306693306693307,1.0
F25,normalized_scores,0.000999000999000999,0.4651062813287682
F25,normalized_ranks,0.000999000999000999,0.4651062813287682
F25,topology_only,0.000999000999000999,0.4651062813287682
N85,normalized_scores,0.32367632367632365,1.0
N85,normalized_ranks,0.24875124875124874,1.0
N85,topology_only,0.984015984015984,1.0
B83,normalized_scores,0.000999000999000999,0.4651062813287682
B83,normalized_ranks,0.000999000999000999,0.4651062813287682
B83,topology_only,0.000999000999000999,0.4651062813287682
E22,normalized_scores,0.030969030969030968,0.9998505334878142
E22,normalized_ranks,0.001998001998001998,0.5332680896844992
E22,topology_only,0.4825174825174825,1.0
I13,normalized_scores,0.000999000999000999,0.4651062813287682
I13,normalized_ranks,0.000999000999000999,0.4651062813287682
I13,topology_only,0.000999000999000999,0.4651062813287682
N73,normalized_scores,0.04595404595404595,0.9999951245302392
N73,normalized_ranks,0.08291708291708291,0.9999999997817214
N73,topology_only,0.14385614385614387,1.0
R82,normalized_scores,0.8571428571428571,1.0
R82,normalized_ranks,0.9280719280719281,1.0
R82,topology_only,0.972027972027972,1.0
A97,normalized_scores,0.7242757242757243,1.0
A97,normalized_ranks,1.0,1.0
A97,topology_only,0.9590409590409591,1.0
Q81,normalized_scores,0.02097902097902098,0.9979084344497805
Q81,normalized_ranks,0.006993006993006993,0.9060433699815045
Q81,topology_only,0.056943056943056944,0.9999999984507582
K81,normalized_scores,0.6793206793206793,1.0
K81,normalized_ranks,0.5404595404595405,1.0
K81,topology_only,0.8641358641358642,1.0
B02,normalized_scores,0.012987012987012988,0.9819232562249784
B02,normalized_ranks,0.005994005994005994,0.8712787899120193
B02,topology_only,1.0,1.0
L56,normalized_scores,0.05094905094905095,0.9999984649620414
L56,normalized_ranks,0.017982017982017984,0.9966464539774055
L56,topology_only,0.057942057942057944,0.9999999987902388
B43,normalized_scores,0.000999000999000999,0.4651062813287682
B43,normalized_ranks,0.000999000999000999,0.4651062813287682
B43,topology_only,0.000999000999000999,0.4651062813287682
T78,normalized_scores,0.000999000999000999,0.4651062813287682
T78,normalized_ranks,0.000999000999000999,0.4651062813287682
T78,topology_only,0.000999000999000999,0.4651062813287682
L51,normalized_scores,0.7802197802197802,1.0
L51,normalized_ranks,0.99000999000999,1.0
L51,topology_only,0.7182817182817183,1.0
F53,normalized_scores,0.000999000999000999,0.4651062813287682
F53,normalized_ranks,0.000999000999000999,0.4651062813287682
F53,topology_only,0.000999000999000999,0.4651062813287682
P91,normalized_scores,0.8731268731268731,1.0
P91,normalized_ranks,0.8221778221778222,1.0
P91,topology_only,0.9690309690309691,1.0
D75,normalized_scores,0.02097902097902098,0.9979084344497805
D75,normalized_ranks,0.1258741258741259,0.9999999999999891
D75,topology_only,0.08191808191808192,0.9999999999994366
I00,normalized_scores,0.000999000999000999,0.4651062813287682
I00,normalized_ranks,0.003996003996003996,0.7634139683995398
I00,topology_only,0.000999000999000999,0.4651062813287682
D55,normalized_scores,0.3866133866133866,1.0
D55,normalized_ranks,0.5184815184815185,1.0
D55,topology_only,0.5104895104895105,1.0
M75,normalized_scores,0.005994005994005994,0.865746044227953
M75,normalized_ranks,0.000999000999000999,0.4651062813287682
M75,topology_only,0.057942057942057944,0.9999999987902388
G43,normalized_scores,0.000999000999000999,0.4651062813287682
G43,normalized_ranks,0.000999000999000999,0.4651062813287682
G43,topology_only,0.000999000999000999,0.4651062813287682
B35,normalized_scores,0.000999000999000999,0.4651062813287682
B35,normalized_ranks,0.000999000999000999,0.4651062813287682
B35,topology_only,0.000999000999000999,0.4651062813287682
H40,normalized_scores,0.000999000999000999,0.4651062813287682
H40,normalized_ranks,0.003996003996003996,0.7634139683995398
H40,topology_only,0.004995004995004995,0.8677470337219261
E21,normalized_scores,0.016983016983016984,0.994134483165238
E21,normalized_ranks,0.003996003996003996,0.7634139683995398
E21,topology_only,0.04995004995004995,0.9999999853193026
B69,normalized_scores,0.002997002997002997,0.6438905078833703
B69,normalized_ranks,0.000999000999000999,0.4651062813287682
B69,topology_only,0.000999000999000999,0.4651062813287682
D86,normalized_scores,0.056943056943056944,0.999999593540647
D86,normalized_ranks,0.11988011988011989,0.999999999999962
D86,topology_only,0.03996003996003996,0.9999996120906136
C13,normalized_scores,0.000999000999000999,0.4651062813287682
C13,normalized_ranks,0.000999000999000999,0.4651062813287682
C13,topology_only,0.001998001998001998,0.5776835174323569
H30,normalized_scores,0.3276723276723277,1.0
H30,normalized_ranks,0.6753246753246753,1.0
H30,topology_only,0.5924075924075924,1.0
K27,normalized_scores,0.8921078921078921,1.0
K27,normalized_ranks,0.997002997002997,1.0
K27,topology_only,0.996003996003996,1.0
B66,normalized_scores,0.000999000999000999,0.4651062813287682
B66,normalized_ranks,0.000999000999000999,0.4651062813287682
B66,topology_only,0.000999000999000999,0.4651062813287682
M72,normalized_scores,0.942057942057942,1.0
M72,normalized_ranks,0.989010989010989,1.0
M72,topology_only,0.995004995004995,1.0
K59,normalized_scores,0.022977022977022976,0.9986730286911322
K59,normalized_ranks,0.005994005994005994,0.8712787899120193
K59,topology_only,0.13886113886113885,1.0
G09,normalized_scores,0.000999000999000999,0.4651062813287682
G09,normalized_ranks,0.000999000999000999,0.4651062813287682
G09,topology_only,0.000999000999000999,0.4651062813287682
Q92,normalized_scores,0.005994005994005994,0.865746044227953
Q92,normalized_ranks,0.003996003996003996,0.7634139683995398
Q92,topology_only,0.03896103896103896,0.9999994779380763
L10,normalized_scores,0.5954045954045954,1.0
L10,normalized_ranks,0.9560439560439561,1.0
L10,topology_only,0.4885114885114885,1.0
G82,normalized_scores,0.000999000999000999,0.4651062813287682
G82,normalized_ranks,0.000999000999000999,0.4651062813287682
G82,topology_only,0.000999000999000999,0.4651062813287682
N72,normalized_scores,0.13486513486513488,0.9999999999999657
N72,normalized_ranks,0.3966033966033966,1.0
N72,topology_only,0.27372627372627373,1.0
D51,normalized_scores,0.48151848151848153,1.0
D51,normalized_ranks,0.4155844155844156,1.0
D51,topology_only,0.7532467532467533,1.0
L12,normalized_scores,0.13686313686313686,0.9999999999999757
L12,normalized_ranks,0.8721278721278721,1.0
L12,topology_only,0.24075924075924077,1.0
I20,normalized_scores,0.000999000999000999,0.4651062813287682
I20,normalized_ranks,0.000999000999000999,0.4651062813287682
I20,topology_only,0.000999000999000999,0.4651062813287682
H26,normalized_scores,0.000999000999000999,0.4651062813287682
H26,normalized_ranks,0.000999000999000999,0.4651062813287682
H26,topology_only,0.000999000999000999,0.4651062813287682
I62,normalized_scores,0.000999000999000999,0.4651062813287682
I62,normalized_ranks,0.000999000999000999,0.4651062813287682
I62,topology_only,0.000999000999000999,0.4651062813287682
G56,normalized_scores,0.000999000999000999,0.4651062813287682
G56,normalized_ranks,0.000999000999000999,0.4651062813287682
G56,topology_only,0.000999000999000999,0.4651062813287682
N61,normalized_scores,0.061938061938061936,0.9999998782000299
N61,normalized_ranks,0.01998001998001998,0.9980429886731208
N61,topology_only,0.0989010989010989,0.9999999999999972
G91,normalized_scores,0.000999000999000999,0.4651062813287682
G91,normalized_ranks,0.000999000999000999,0.4651062813287682
G91,topology_only,0.000999000999000999,0.4651062813287682
B74,normalized_scores,0.000999000999000999,0.4651062813287682
B74,normalized_ranks,0.000999000999000999,0.4651062813287682
B74,topology_only,0.000999000999000999,0.4651062813287682
C60,normalized_scores,0.00999000999000999,0.9572607221405601
C60,normalized_ranks,0.014985014985014986,0.992262624700267
C60,topology_only,0.022977022977022976,0.9998362084508147
I45,normalized_scores,0.08491508491508491,0.9999999992648925
I45,normalized_ranks,0.001998001998001998,0.5332680896844992
I45,topology_only,0.6013986013986014,1.0
I10,normalized_scores,0.000999000999000999,0.4651062813287682
I10,normalized_ranks,0.000999000999000999,0.4651062813287682
I10,topology_only,0.000999000999000999,0.4651062813287682
L71,normalized_scores,0.12687312687312688,0.9999999999998753
L71,normalized_ranks,1.0,1.0
L71,topology_only,0.5334665334665335,1.0
G97,normalized_scores,0.000999000999000999,0.4651062813287682
G97,normalized_ranks,0.000999000999000999,0.4651062813287682
G97,topology_only,0.000999000999000999,0.4651062813287682
P24,normalized_scores,0.2987012987012987,1.0
P24,normalized_ranks,0.5684315684315684,1.0
P24,topology_only,1.0,1.0
A00,normalized_scores,0.973026973026973,1.0
A00,normalized_ranks,1.0,1.0
A00,topology_only,0.991008991008991,1.0
D67,normalized_scores,0.027972027972027972,0.9996647173298501
D67,normalized_ranks,0.2807192807192807,1.0
D67,topology_only,0.13286713286713286,1.0
N77,normalized_scores,0.04495504495504495,0.9999938875451816
N77,normalized_ranks,0.07292707292707293,0.9999999975798546
N77,topology_only,0.14285714285714285,1.0
C79,normalized_scores,0.000999000999000999,0.4651062813287682
C79,normalized_ranks,0.025974025974025976,0.9996557506884335
C79,topology_only,0.000999000999000999,0.4651062813287682
G10,normalized_scores,0.000999000999000999,0.4651062813287682
G10,normalized_ranks,0.000999000999000999,0.4651062813287682
G10,topology_only,0.000999000999000999,0.4651062813287682
M47,normalized_scores,0.34565434565434566,1.0
M47,normalized_ranks,0.03896103896103896,0.9999897163466797
M47,topology_only,1.0,1.0
L89,normalized_scores,0.08091908091908091,0.9999999983971238
L89,normalized_ranks,0.03496503496503497,0.9999693401313922
L89,topology_only,1.0,1.0
F10,normalized_scores,0.1978021978021978,1.0
F10,normalized_ranks,0.16683316683316685,1.0
F10,topology_only,0.7912087912087912,1.0
E78,normalized_scores,0.000999000999000999,0.4651062813287682
E78,normalized_ranks,0.000999000999000999,0.4651062813287682
E78,topology_only,0.000999000999000999,0.4651062813287682
G02,normalized_scores,0.000999000999000999,0.4651062813287682
G02,normalized_ranks,0.000999000999000999,0.4651062813287682
G02,topology_only,0.000999000999000999,0.4651062813287682
B52,normalized_scores,0.8491508491508492,1.0
B52,normalized_ranks,1.0,1.0
B52,topology_only,0.999000999000999,1.0
F31,normalized_scores,0.000999000999000999,0.4651062813287682
F31,normalized_ranks,0.000999000999000999,0.4651062813287682
F31,topology_only,0.000999000999000999,0.4651062813287682
B41,normalized_scores,0.000999000999000999,0.4651062813287682
B41,normalized_ranks,0.000999000999000999,0.4651062813287682
B41,topology_only,0.000999000999000999,0.4651062813287682
J17,normalized_scores,0.004995004995004995,0.8159489924694929
J17,normalized_ranks,0.3006993006993007,1.0
J17,topology_only,0.04995004995004995,0.9999999853193026
J20,normalized_scores,0.2087912087912088,1.0
J20,normalized_ranks,0.007992007992007992,0.9319885098622321
J20,topology_only,0.7542457542457542,1.0
K77,normalized_scores,0.04095904095904096,0.9999852536893368
K77,normalized_ranks,0.17282717282717283,1.0
K77,topology_only,0.41358641358641357,1.0
C01,normalized_scores,0.006993006993006993,0.9020028174301425
C01,normalized_ranks,0.05094905094905095,0.9999994606015732
C01,topology_only,0.1848151848151848,1.0
M19,normalized_scores,0.000999000999000999,0.4651062813287682
M19,normalized_ranks,0.002997002997002997,0.6656438699337983
M19,topology_only,0.006993006993006993,0.939190636127033
K52,normalized_scores,0.000999000999000999,0.4651062813287682
K52,normalized_ranks,0.000999000999000999,0.4651062813287682
K52,topology_only,0.002997002997002997,0.7156728475556131
K11,normalized_scores,0.983016983016983,1.0
K11,normalized_ranks,0.8001998001998002,1.0
K11,topology_only,1.0,1.0
M31,normalized_scores,0.3596403596403596,1.0
M31,normalized_ranks,0.8341658341658341,1.0
M31,topology_only,0.6433566433566433,1.0
L43,normalized_scores,0.7732267732267732,1.0
L43,normalized_ranks,0.9400599400599401,1.0
L43,topology_only,0.9400599400599401,1.0
I70,normalized_scores,0.000999000999000999,0.4651062813287682
I70,normalized_ranks,0.000999000999000999,0.4651062813287682
I70,topology_only,0.000999000999000999,0.4651062813287682
D70,normalized_scores,0.001998001998001998,0.5142203926071657
D70,normalized_ranks,0.40559440559440557,1.0
D70,topology_only,0.0919080919080919,0.9999999999999728
L63,normalized_scores,0.8371628371628371,1.0
L63,normalized_ranks,0.935064935064935,1.0
L63,topology_only,0.8761238761238761,1.0
J15,normalized_scores,0.6263736263736264,1.0
J15,normalized_ranks,0.967032967032967,1.0
J15,topology_only,0.988011988011988,1.0
E66,normalized_scores,0.000999000999000999,0.4651062813287682
E66,normalized_ranks,0.000999000999000999,0.4651062813287682
E66,topology_only,0.000999000999000999,0.4651062813287682
Q36,normalized_scores,0.000999000999000999,0.4651062813287682
Q36,normalized_ranks,0.000999000999000999,0.4651062813287682
Q36,topology_only,0.005994005994005994,0.9102591229104683
B53,normalized_scores,0.8711288711288712,1.0
B53,normalized_ranks,1.0,1.0
B53,topology_only,0.994005994005994,1.0
G04,normalized_scores,0.000999000999000999,0.4651062813287682
G04,normalized_ranks,0.000999000999000999,0.4651062813287682
G04,topology_only,0.000999000999000999,0.4651062813287682
K29,normalized_scores,0.7342657342657343,1.0
K29,normalized_ranks,0.993006993006993,1.0
K29,topology_only,0.9530469530469531,1.0
F32,normalized_scores,0.000999000999000999,0.4651062813287682
F32,normalized_ranks,0.000999000999000999,0.4651062813287682
F32,topology_only,0.000999000999000999,0.4651062813287682
N40,normalized_scores,0.000999000999000999,0.4651062813287682
N40,normalized_ranks,0.1838161838161838,1.0
N40,topology_only,0.000999000999000999,0.4651062813287682
L25,normalized_scores,0.1878121878121878,1.0
L25,normalized_ranks,0.5444555444555444,1.0
L25,topology_only,1.0,1.0
K05,normalized_scores,0.000999000999000999,0.4651062813287682
K05,normalized_ranks,0.17682317682317683,1.0
K05,topology_only,0.027972027972027972,0.9999739084573376
C69,normalized_scores,0.000999000999000999,0.4651062813287682
C69,normalized_ranks,0.24075924075924077,1.0
C69,topology_only,0.04495504495504495,0.9999999151932465
N97,normalized_scores,0.000999000999000999,0.4651062813287682
N97,normalized_ranks,0.000999000999000999,0.4651062813287682
N97,topology_only,0.34465534465534464,1.0
I26,normalized_scores,0.000999000999000999,0.4651062813287682
I26,normalized_ranks,0.000999000999000999,0.4651062813287682
I26,topology_only,0.000999000999000999,0.4651062813287682
J11,normalized_scores,0.000999000999000999,0.4651062813287682
J11,normalized_ranks,0.000999000999000999,0.4651062813287682
J11,topology_only,0.000999000999000999,0.4651062813287682
D83,normalized_scores,0.8221778221778222,1.0
D83,normalized_ranks,0.17082917082917082,1.0
D83,topology_only,0.8781218781218781,1.0
N25,normalized_scores,0.007992007992007992,0.9274794778693635
N25,normalized_ranks,0.027972027972027972,0.9998044275846045
N25,topology_only,0.3226773226773227,1.0
D36,normalized_scores,0.27672327672327673,1.0
D36,normalized_ranks,0.42657342657342656,1.0
D36,topology_only,0.5524475524475524,1.0
M10,normalized_scores,0.013986013986013986,0.9861816923406443
M10,normalized_ranks,0.000999000999000999,0.4651062813287682
M10,topology_only,0.12487512487512488,1.0
G50,normalized_scores,0.000999000999000999,0.4651062813287682
G50,normalized_ranks,0.000999000999000999,0.4651062813287682
G50,topology_only,0.000999000999000999,0.4651062813287682
A06,normalized_scores,0.995004995004995,1.0
A06,normalized_ranks,0.8561438561438561,1.0
A06,topology_only,1.0,1.0
G40,normalized_scores,0.000999000999000999,0.4651062813287682
G40,normalized_ranks,0.000999000999000999,0.4651062813287682
G40,topology_only,0.000999000999000999,0.4651062813287682
M05,normalized_scores,0.000999000999000999,0.4651062813287682
M05,normalized_ranks,0.000999000999000999,0.4651062813287682
M05,topology_only,0.03896103896103896,0.9999994779380763
N46,normalized_scores,0.000999000999000999,0.4651062813287682
N46,normalized_ranks,0.000999000999000999,0.4651062813287682
N46,topology_only,0.000999000999000999,0.4651062813287682
O40,normalized_scores,0.8001998001998002,1.0
O40,normalized_ranks,0.8121878121878122,1.0
O40,topology_only,0.9590409590409591,1.0
L80,normalized_scores,0.06693306693306693,0.999999960322117
L80,normalized_ranks,1.0,1.0
L80,topology_only,0.5734265734265734,1.0
I23,normalized_scores,0.000999000999000999,0.4651062813287682
I23,normalized_ranks,0.000999000999000999,0.4651062813287682
I23,topology_only,0.000999000999000999,0.4651062813287682
I66,normalized_scores,0.000999000999000999,0.4651062813287682
I66,normalized_ranks,0.001998001998001998,0.5332680896844992
I66,topology_only,0.000999000999000999,0.4651062813287682
L57,normalized_scores,0.04895104895104895,0.9999976212944081
L57,normalized_ranks,0.24275724275724275,1.0
L57,topology_only,0.1068931068931069,0.9999999999999998
J45,normalized_scores,0.000999000999000999,0.4651062813287682
J45,normalized_ranks,0.000999000999000999,0.4651062813287682
J45,topology_only,0.04395604395604396,0.9999998826074854
I65,normalized_scores,0.000999000999000999,0.4651062813287682
I65,normalized_ranks,0.000999000999000999,0.4651062813287682
I65,topology_only,0.000999000999000999,0.4651062813287682
Q35,normalized_scores,0.5024975024975025,1.0
Q35,normalized_ranks,0.4005994005994006,1.0
Q35,topology_only,0.8421578421578422,1.0
N64,normalized_scores,0.055944055944055944,0.9999995274737381
N64,normalized_ranks,0.014985014985014986,0.992262624700267
N64,topology_only,0.1038961038961039,0.9999999999999993
N12,normalized_scores,0.13286713286713286,0.9999999999999577
N12,normalized_ranks,0.6873126873126874,1.0
N12,topology_only,0.6493506493506493,1.0
F99,normalized_scores,0.000999000999000999,0.4651062813287682
F99,normalized_ranks,0.000999000999000999,0.4651062813287682
F99,topology_only,0.000999000999000999,0.4651062813287682
B07,normalized_scores,0.27672327672327673,1.0
B07,normalized_ranks,0.10989010989010989,0.9999999999996745
B07,topology_only,0.6653346653346653,1.0
J05,normalized_scores,0.4035964035964036,1.0
J05,normalized_ranks,0.18081918081918083,1.0
J05,topology_only,1.0,1.0
D21,normalized_scores,0.5694305694305695,1.0
D21,normalized_ranks,0.12687312687312688,0.9999999999999906
D21,topology_only,1.0,1.0
D53,normalized_scores,0.000999000999000999,0.4651062813287682
D53,normalized_ranks,0.000999000999000999,0.4651062813287682
D53,topology_only,0.000999000999000999,0.4651062813287682
E87,normalized_scores,0.001998001998001998,0.5142203926071657
E87,normalized_ranks,0.000999000999000999,0.4651062813287682
E87,topology_only,0.061938061938061936,0.9999999996379946
G30,normalized_scores,0.000999000999000999,0.4651062813287682
G30,normalized_ranks,0.000999000999000999,0.4651062813287682
G30,topology_only,0.000999000999000999,0.4651062813287682
A01,normalized_scores,0.7672327672327672,1.0
A01,normalized_ranks,0.7442557442557443,1.0
A01,topology_only,0.8481518481518482,1.0
E28,normalized_scores,0.000999000999000999,0.4651062813287682
E28,normalized_ranks,0.000999000999000999,0.4651062813287682
E28,topology_only,0.000999000999000999,0.4651062813287682
G94,normalized_scores,0.000999000999000999,0.4651062813287682
G94,normalized_ranks,0.000999000999000999,0.4651062813287682
G94,topology_only,0.000999000999000999,0.4651062813287682
N15,normalized_scores,0.35664335664335667,1.0
N15,normalized_ranks,0.04895104895104895,0.9999991709113257
N15,topology_only,0.5154845154845155,1.0
I12,normalized_scores,0.000999000999000999,0.4651062813287682
I12,normalized_ranks,0.000999000999000999,0.4651062813287682
I12,topology_only,0.000999000999000999,0.4651062813287682
K04,normalized_scores,0.6353646353646354,1.0
K04,normalized_ranks,0.08391608391608392,0.9999999998034419
K04,topology_only,0.8401598401598401,1.0
G98,normalized_scores,0.001998001998001998,0.5142203926071657
G98,normalized_ranks,0.000999000999000999,0.4651062813287682
G98,topology_only,0.000999000999000999,0.4651062813287682
G05,normalized_scores,0.000999000999000999,0.4651062813287682
G05,normalized_ranks,0.000999000999000999,0.4651062813287682
G05,topology_only,0.000999000999000999,0.4651062813287682
J35,normalized_scores,0.1978021978021978,1.0
J35,normalized_ranks,0.5274725274725275,1.0
J35,topology_only,0.4725274725274725,1.0
G13,normalized_scores,0.000999000999000999,0.4651062813287682
G13,normalized_ranks,0.000999000999000999,0.4651062813287682
G13,topology_only,0.000999000999000999,0.4651062813287682
M08,normalized_scores,0.02197802197802198,0.9983388803134053
M08,normalized_ranks,0.2057942057942058,1.0
M08,topology_only,0.1918081918081918,1.0
N03,normalized_scores,0.8881118881118881,1.0
N03,normalized_ranks,0.999000999000999,1.0
N03,topology_only,0.962037962037962,1.0
N50,normalized_scores,0.37162837162837165,1.0
N50,normalized_ranks,0.999000999000999,1.0
N50,topology_only,0.8831168831168831,1.0
G08,normalized_scores,0.000999000999000999,0.4651062813287682
G08,normalized_ranks,0.000999000999000999,0.4651062813287682
G08,topology_only,0.000999000999000999,0.4651062813287682
M00,normalized_scores,0.001998001998001998,0.5142203926071657
M00,normalized_ranks,0.03996003996003996,0.9999917390113722
M00,topology_only,0.015984015984015984,0.9977725088155981
G52,normalized_scores,0.000999000999000999,0.4651062813287682
G52,normalized_ranks,0.000999000999000999,0.4651062813287682
G52,topology_only,0.000999000999000999,0.4651062813287682
C22,normalized_scores,0.001998001998001998,0.5142203926071657
C22,normalized_ranks,0.000999000999000999,0.4651062813287682
C22,topology_only,0.37462537462537465,1.0
G63,normalized_scores,0.000999000999000999,0.4651062813287682
G63,normalized_ranks,0.000999000999000999,0.4651062813287682
G63,topology_only,0.000999000999000999,0.4651062813287682
F20,normalized_scores,0.000999000999000999,0.4651062813287682
F20,normalized_ranks,0.000999000999000999,0.4651062813287682
F20,topology_only,0.003996003996003996,0.8047814963447564
H01,normalized_scores,0.4855144855144855,1.0
H01,normalized_ranks,0.44255744255744256,1.0
H01,topology_only,0.7312687312687313,1.0
C67,normalized_scores,0.001998001998001998,0.5142203926071657
C67,normalized_ranks,1.0,1.0
C67,topology_only,0.2097902097902098,1.0
C18,normalized_scores,0.6183816183816184,1.0
C18,normalized_ranks,0.000999000999000999,0.4651062813287682
C18,topology_only,1.0,1.0
B49,normalized_scores,0.000999000999000999,0.4651062813287682
B49,normalized_ranks,0.000999000999000999,0.4651062813287682
B49,topology_only,0.000999000999000999,0.4651062813287682
B46,normalized_scores,0.000999000999000999,0.4651062813287682
B46,normalized_ranks,0.000999000999000999,0.4651062813287682
B46,topology_only,0.000999000999000999,0.4651062813287682
I50,normalized_scores,0.001998001998001998,0.5142203926071657
I50,normalized_ranks,1.0,1.0
I50,topology_only,0.35764235764235763,1.0
J84,normalized_scores,0.015984015984015984,0.9921720497204357
J84,normalized_ranks,0.07892107892107893,0.9999999994785901
J84,topology_only,0.12087912087912088,1.0
C08,normalized_scores,0.7362637362637363,1.0
C08,normalized_ranks,0.38161838161838163,1.0
C08,topology_only,0.9150849150849151,1.0
G47,normalized_scores,0.000999000999000999,0.4651062813287682
G47,normalized_ranks,0.000999000999000999,0.4651062813287682
G47,topology_only,0.000999000999000999,0.4651062813287682
G60,normalized_scores,0.001998001998001998,0.5142203926071657
G60,normalized_ranks,0.000999000999000999,0.4651062813287682
G60,topology_only,0.000999000999000999,0.4651062813287682
P37,normalized_scores,0.962037962037962,1.0
P37,normalized_ranks,0.987012987012987,1.0
P37,topology_only,0.996003996003996,1.0
A04,normalized_scores,0.9100899100899101,1.0
A04,normalized_ranks,0.9310689310689311,1.0
A04,topology_only,0.9790209790209791,1.0
L23,normalized_scores,0.000999000999000999,0.4651062813287682
L23,normalized_ranks,0.3066933066933067,1.0
L23,topology_only,0.4045954045954046,1.0
D65,normalized_scores,0.07792207792207792,0.9999999972550621
D65,normalized_ranks,0.004995004995004995,0.8222887073825156
D65,topology_only,0.4275724275724276,1.0
C75,normalized_scores,0.003996003996003996,0.7447130799013585
C75,normalized_ranks,0.000999000999000999,0.4651062813287682
C75,topology_only,0.011988011988011988,0.990715915646338
M06,normalized_scores,0.000999000999000999,0.4651062813287682
M06,normalized_ranks,0.000999000999000999,0.4651062813287682
M06,topology_only,0.04095904095904096,0.9999997106816353
G35,normalized_scores,0.000999000999000999,0.4651062813287682
G35,normalized_ranks,0.000999000999000999,0.4651062813287682
G35,topology_only,0.000999000999000999,0.4651062813287682
C46,normalized_scores,0.6813186813186813,1.0
C46,normalized_ranks,0.973026973026973,1.0
C46,topology_only,0.8951048951048951,1.0
E61,normalized_scores,0.03896103896103896,0.9999753483753129
E61,normalized_ranks,0.08491508491508491,0.9999999998373723
E61,topology_only,1.0,1.0
I21,normalized_scores,0.000999000999000999,0.4651062813287682
I21,normalized_ranks,0.000999000999000999,0.4651062813287682
I21,topology_only,0.013986013986013986,0.9955218269388926
G99,normalized_scores,0.000999000999000999,0.4651062813287682
G99,normalized_ranks,0.000999000999000999,0.4651062813287682
G99,topology_only,0.000999000999000999,0.4651062813287682
E00,normalized_scores,0.998001998001998,1.0
E00,normalized_ranks,1.0,1.0
E00,topology_only,1.0,1.0
E24,normalized_scores,0.7932067932067932,1.0
E24,normalized_ranks,0.8861138861138861,1.0
E24,topology_only,0.974025974025974,1.0
Q99,normalized_scores,0.964035964035964,1.0
Q99,normalized_ranks,1.0,1.0
Q99,topology_only,0.999000999000999,1.0
R27,normalized_scores,0.17282717282717283,1.0
R27,normalized_ranks,0.000999000999000999,0.4651062813287682
R27,topology_only,0.6713286713286714,1.0
Q04,normalized_scores,0.000999000999000999,0.4651062813287682
Q04,normalized_ranks,0.000999000999000999,0.4651062813287682
Q04,topology_only,0.000999000999000999,0.4651062813287682
J40,normalized_scores,0.2037962037962038,1.0
J40,normalized_ranks,0.022977022977022976,0.9991664012033489
J40,topology_only,0.7432567432567433,1.0
F60,normalized_scores,0.000999000999000999,0.4651062813287682
F60,normalized_ranks,0.000999000999000999,0.4651062813287682
F60,topology_only,0.000999000999000999,0.4651062813287682
J96,normalized_scores,0.000999000999000999,0.4651062813287682
J96,normalized_ranks,0.005994005994005994,0.8712787899120193
J96,topology_only,0.013986013986013986,0.9955218269388926
D06,normalized_scores,0.011988011988011988,0.975927335539375
D06,normalized_ranks,1.0,1.0
D06,topology_only,0.06893106893106893,0.9999999999593636
H11,normalized_scores,0.007992007992007992,0.9274794778693635
H11,normalized_ranks,0.00999000999000999,0.9636034338426799
H11,topology_only,0.03696303696303696,0.9999990436695947
H50,normalized_scores,0.3076923076923077,1.0
H50,normalized_ranks,0.15084915084915085,1.0
H50,topology_only,1.0,1.0
C85,normalized_scores,0.003996003996003996,0.7447130799013585
C85,normalized_ranks,0.4755244755244755,1.0
C85,topology_only,0.07492507492507493,0.9999999999945436
I67,normalized_scores,0.000999000999000999,0.4651062813287682
I67,normalized_ranks,0.000999000999000999,0.4651062813287682
I67,topology_only,0.000999000999000999,0.4651062813287682
J42,normalized_scores,0.2127872127872128,1.0
J42,normalized_ranks,0.011988011988011988,0.9796672949814261
J42,topology_only,0.7632367632367633,1.0
F50,normalized_scores,0.001998001998001998,0.5142203926071657
F50,normalized_ranks,0.03296703296703297,0.9999492801979885
F50,topology_only,0.02097902097902098,0.9996550220571092
N48,normalized_scores,0.000999000999000999,0.4651062813287682
N48,normalized_ranks,0.000999000999000999,0.4651062813287682
N48,topology_only,1.0,1.0
D38,normalized_scores,0.0989010989010989,0.9999999999333495
D38,normalized_ranks,0.34465534465534464,1.0
D38,topology_only,0.1928071928071928,1.0
L65,normalized_scores,0.000999000999000999,0.4651062813287682
L65,normalized_ranks,0.000999000999000999,0.4651062813287682
L65,topology_only,0.000999000999000999,0.4651062813287682
M32,normalized_scores,0.007992007992007992,0.9274794778693635
M32,normalized_ranks,0.002997002997002997,0.6656438699337983
M32,topology_only,0.08091908091908091,0.9999999999992585
L21,normalized_scores,0.6603396603396603,1.0
L21,normalized_ranks,0.919080919080919,1.0
L21,topology_only,1.0,1.0
D46,normalized_scores,0.000999000999000999,0.4651062813287682
D46,normalized_ranks,0.000999000999000999,0.4651062813287682
D46,topology_only,0.000999000999000999,0.4651062813287682
B47,normalized_scores,0.000999000999000999,0.4651062813287682
B47,normalized_ranks,0.000999000999000999,0.4651062813287682
B47,topology_only,0.000999000999000999,0.4651062813287682
H60,normalized_scores,0.34165834165834164,1.0
H60,normalized_ranks,1.0,1.0
H60,topology_only,1.0,1.0
N94,normalized_scores,0.1998001998001998,1.0
N94,normalized_ranks,0.10589410589410589,0.9999999999992966
N94,topology_only,0.3706293706293706,1.0
M86,normalized_scores,0.000999000999000999,0.4651062813287682
M86,normalized_ranks,0.001998001998001998,0.5332680896844992
M86,topology_only,0.001998001998001998,0.5776835174323569
D32,normalized_scores,0.000999000999000999,0.4651062813287682
D32,normalized_ranks,0.3256743256743257,1.0
D32,topology_only,0.001998001998001998,0.5776835174323569
L70,normalized_scores,0.7712287712287712,1.0
L70,normalized_ranks,0.8061938061938062,1.0
L70,topology_only,0.8921078921078921,1.0
A71,normalized_scores,0.4255744255744256,1.0
A71,normalized_ranks,0.7052947052947053,1.0
A71,topology_only,0.44755244755244755,1.0
K51,normalized_scores,0.23976023976023977,1.0
K51,normalized_ranks,0.028971028971028972,0.9998522061937225
K51,topology_only,0.7792207792207793,1.0
F11,normalized_scores,0.000999000999000999,0.4651062813287682
F11,normalized_ranks,0.000999000999000999,0.4651062813287682
F11,topology_only,0.000999000999000999,0.4651062813287682
N76,normalized_scores,0.08591408591408592,0.9999999993208762
N76,normalized_ranks,0.04795204795204795,0.9999989927684807
N76,topology_only,0.16983016983016982,1.0
D12,normalized_scores,0.13686313686313686,0.9999999999999757
D12,normalized_ranks,0.000999000999000999,0.4651062813287682
D12,topology_only,0.6523476523476524,1.0
G80,normalized_scores,0.001998001998001998,0.5142203926071657
G80,normalized_ranks,0.000999000999000999,0.4651062813287682
G80,topology_only,0.000999000999000999,0.4651062813287682
I46,normalized_scores,0.000999000999000999,0.4651062813287682
I46,normalized_ranks,0.000999000999000999,0.4651062813287682
I46,topology_only,0.000999000999000999,0.4651062813287682
C07,normalized_scores,0.08691308691308691,0.9999999994247778
C07,normalized_ranks,0.5084915084915085,1.0
C07,topology_only,1.0,1.0
L44,normalized_scores,0.055944055944055944,0.9999995274737381
L44,normalized_ranks,0.7302697302697303,1.0
L44,topology_only,0.26173826173826176,1.0
H15,normalized_scores,0.6183816183816184,1.0
H15,normalized_ranks,0.9310689310689311,1.0
H15,topology_only,1.0,1.0
N60,normalized_scores,0.998001998001998,1.0
N60,normalized_ranks,0.977022977022977,1.0
N60,topology_only,1.0,1.0
H10,normalized_scores,0.996003996003996,1.0
H10,normalized_ranks,1.0,1.0
H10,topology_only,1.0,1.0
G58,normalized_scores,0.000999000999000999,0.4651062813287682
G58,normalized_ranks,0.000999000999000999,0.4651062813287682
G58,topology_only,0.000999000999000999,0.4651062813287682
D72,normalized_scores,0.000999000999000999,0.4651062813287682
D72,normalized_ranks,0.000999000999000999,0.4651062813287682
D72,topology_only,0.000999000999000999,0.4651062813287682
C96,normalized_scores,0.02197802197802198,0.9983388803134053
C96,normalized_ranks,0.3356643356643357,1.0
C96,topology_only,0.16583416583416583,1.0
C81,normalized_scores,0.000999000999000999,0.4651062813287682
C81,normalized_ranks,0.25274725274725274,1.0
C81,topology_only,0.006993006993006993,0.939190636127033
E80,normalized_scores,0.08391608391608392,0.9999999991278494
E80,normalized_ranks,0.1088911088911089,0.9999999999996173
E80,topology_only,0.3786213786213786,1.0
C92,normalized_scores,0.000999000999000999,0.4651062813287682
C92,normalized_ranks,0.000999000999000999,0.4651062813287682
C92,topology_only,0.10789210789210789,0.9999999999999998
Q22,normalized_scores,0.000999000999000999,0.4651062813287682
Q22,normalized_ranks,0.000999000999000999,0.4651062813287682
Q22,topology_only,0.000999000999000999,0.4651062813287682
I24,normalized_scores,0.000999000999000999,0.4651062813287682
I24,normalized_ranks,0.000999000999000999,0.4651062813287682
I24,topology_only,0.000999000999000999,0.4651062813287682
N13,normalized_scores,0.993006993006993,1.0
N13,normalized_ranks,1.0,1.0
N13,topology_only,0.999000999000999,1.0
I88,normalized_scores,0.007992007992007992,0.9274794778693635
I88,normalized_ranks,0.003996003996003996,0.7634139683995398
I88,topology_only,0.017982017982017984,0.9989500987486035
I72,normalized_scores,0.06393606393606394,0.9999999234813454
I72,normalized_ranks,0.8371628371628371,1.0
I72,topology_only,0.3646353646353646,1.0
K44,normalized_scores,0.9530469530469531,1.0
K44,normalized_ranks,0.7842157842157842,1.0
K44,topology_only,1.0,1.0
D48,normalized_scores,0.09090909090909091,0.9999999997505996
D48,normalized_ranks,0.000999000999000999,0.4651062813287682
D48,topology_only,0.6523476523476524,1.0
N08,normalized_scores,0.000999000999000999,0.4651062813287682
N08,normalized_ranks,0.000999000999000999,0.4651062813287682
N08,topology_only,0.0979020979020979,0.9999999999999964
M60,normalized_scores,1.0,1.0
M60,normalized_ranks,1.0,1.0
M60,topology_only,1.0,1.0
K37,normalized_scores,0.13786213786213786,0.9999999999999757
K37,normalized_ranks,0.2217782217782218,1.0
K37,topology_only,0.7562437562437563,1.0
Q90,normalized_scores,0.000999000999000999,0.4651062813287682
Q90,normalized_ranks,0.8091908091908092,1.0
Q90,topology_only,0.000999000999000999,0.4651062813287682
C62,normalized_scores,0.09290709290709291,0.9999999998180688
C62,normalized_ranks,0.06493506493506493,0.9999999824647826
C62,topology_only,0.42157842157842157,1.0
O15,normalized_scores,0.13786213786213786,0.9999999999999757
O15,normalized_ranks,1.0,1.0
O15,topology_only,0.5364635364635365,1.0
G03,normalized_scores,0.02097902097902098,0.9979084344497805
G03,normalized_ranks,0.000999000999000999,0.4651062813287682
G03,topology_only,0.13186813186813187,1.0
G92,normalized_scores,0.000999000999000999,0.4651062813287682
G92,normalized_ranks,0.000999000999000999,0.4651062813287682
G92,topology_only,0.000999000999000999,0.4651062813287682
Q53,normalized_scores,0.14685314685314685,0.9999999999999938
Q53,normalized_ranks,0.014985014985014986,0.992262624700267
Q53,topology_only,0.35064935064935066,1.0
C93,normalized_scores,0.2837162837162837,1.0
C93,normalized_ranks,0.7302697302697303,1.0
C93,topology_only,0.7492507492507493,1.0
M91,normalized_scores,0.5274725274725275,1.0
M91,normalized_ranks,0.8041958041958042,1.0
M91,topology_only,0.9760239760239761,1.0
I89,normalized_scores,0.7432567432567433,1.0
I89,normalized_ranks,0.4985014985014985,1.0
I89,topology_only,0.5684315684315684,1.0
I83,normalized_scores,0.00999000999000999,0.9572607221405601
I83,normalized_ranks,1.0,1.0
I83,topology_only,0.7582417582417582,1.0
G25,normalized_scores,0.000999000999000999,0.4651062813287682
G25,normalized_ranks,0.000999000999000999,0.4651062813287682
G25,topology_only,0.000999000999000999,0.4651062813287682
M89,normalized_scores,0.000999000999000999,0.4651062813287682
M89,normalized_ranks,0.09490509490509491,0.9999999999877843
M89,topology_only,0.007992007992007992,0.9586454886631259
T86,normalized_scores,0.3876123876123876,1.0
T86,normalized_ranks,0.985014985014985,1.0
T86,topology_only,0.6083916083916084,1.0
B45,normalized_scores,0.000999000999000999,0.4651062813287682
B45,normalized_ranks,0.000999000999000999,0.4651062813287682
B45,topology_only,0.000999000999000999,0.4651062813287682
H54,normalized_scores,0.0969030969030969,0.9999999999105257
H54,normalized_ranks,0.04995004995004995,0.9999993491061482
H54,topology_only,0.4095904095904096,1.0
E16,normalized_scores,0.01898101898101898,0.9965603563544869
E16,normalized_ranks,0.02197802197802198,0.9988865365053371
E16,topology_only,0.22777222777222778,1.0
M25,normalized_scores,0.000999000999000999,0.4651062813287682
M25,normalized_ranks,0.000999000999000999,0.4651062813287682
M25,topology_only,0.000999000999000999,0.4651062813287682
K85,normalized_scores,0.5884115884115884,1.0
K85,normalized_ranks,0.987012987012987,1.0
K85,topology_only,0.949050949050949,1.0
N70,normalized_scores,0.11188811188811189,0.9999999999963707
N70,normalized_ranks,0.03196803196803197,0.9999355473508239
N70,topology_only,0.2047952047952048,1.0
L92,normalized_scores,0.9240759240759241,1.0
L92,normalized_ranks,0.991008991008991,1.0
L92,topology_only,0.9430569430569431,1.0
C91,normalized_scores,0.6483516483516484,1.0
C91,normalized_ranks,0.7732267732267732,1.0
C91,topology_only,0.972027972027972,1.0
I61,normalized_scores,0.000999000999000999,0.4651062813287682
I61,normalized_ranks,0.000999000999000999,0.4651062813287682
I61,topology_only,0.001998001998001998,0.5776835174323569
N42,normalized_scores,0.02197802197802198,0.9983388803134053
N42,normalized_ranks,0.000999000999000999,0.4651062813287682
N42,topology_only,0.34065934065934067,1.0
M48,normalized_scores,0.8121878121878122,1.0
M48,normalized_ranks,0.8901098901098901,1.0
M48,topology_only,1.0,1.0
D59,normalized_scores,0.000999000999000999,0.4651062813287682
D59,normalized_ranks,0.001998001998001998,0.5332680896844992
D59,topology_only,0.000999000999000999,0.4651062813287682
F01,normalized_scores,0.45554445554445555,1.0
F01,normalized_ranks,1.0,1.0
F01,topology_only,0.958041958041958,1.0
A23,normalized_scores,0.9210789210789211,1.0
A23,normalized_ranks,1.0,1.0
A23,topology_only,0.967032967032967,1.0
K20,normalized_scores,0.994005994005994,1.0
K20,normalized_ranks,0.98001998001998,1.0
K20,topology_only,1.0,1.0
E34,normalized_scores,0.022977022977022976,0.9986730286911322
E34,normalized_ranks,0.000999000999000999,0.4651062813287682
E34,topology_only,0.3626373626373626,1.0
J38,normalized_scores,0.001998001998001998,0.5142203926071657
J38,normalized_ranks,0.014985014985014986,0.992262624700267
J38,topology_only,0.03996003996003996,0.9999996120906136
A54,normalized_scores,1.0,1.0
A54,normalized_ranks,1.0,1.0
A54,topology_only,1.0,1.0
C34,normalized_scores,0.001998001998001998,0.5142203926071657
C34,normalized_ranks,0.000999000999000999,0.4651062813287682
C34,topology_only,0.1008991008991009,0.9999999999999986
D74,normalized_scores,0.43956043956043955,1.0
D74,normalized_ranks,0.03996003996003996,0.9999917390113722
D74,topology_only,1.0,1.0
C26,normalized_scores,0.000999000999000999,0.4651062813287682
C26,normalized_ranks,0.10989010989010989,0.9999999999996745
C26,topology_only,0.003996003996003996,0.8047814963447564
N21,normalized_scores,0.4145854145854146,1.0
N21,normalized_ranks,0.08291708291708291,0.9999999997817214
N21,topology_only,0.8791208791208791,1.0
U04,normalized_scores,0.7352647352647352,1.0
U04,normalized_ranks,0.993006993006993,1.0
U04,topology_only,0.9920079920079921,1.0
J98,normalized_scores,0.986013986013986,1.0
J98,normalized_ranks,0.998001998001998,1.0
J98,topology_only,1.0,1.0
D89,normalized_scores,0.000999000999000999,0.4651062813287682
D89,normalized_ranks,0.000999000999000999,0.4651062813287682
D89,topology_only,0.000999000999000999,0.4651062813287682
F42,normalized_scores,0.000999000999000999,0.4651062813287682
F42,normalized_ranks,0.000999000999000999,0.4651062813287682
F42,topology_only,0.000999000999000999,0.4651062813287682
N62,normalized_scores,0.8731268731268731,1.0
N62,normalized_ranks,0.8581418581418582,1.0
N62,topology_only,0.981018981018981,1.0
A69,normalized_scores,0.987012987012987,1.0
A69,normalized_ranks,1.0,1.0
A69,topology_only,1.0,1.0
Q85,normalized_scores,0.2977022977022977,1.0
Q85,normalized_ranks,0.000999000999000999,0.4651062813287682
Q85,topology_only,0.971028971028971,1.0
B19,normalized_scores,0.03496503496503497,0.999937524561842
B19,normalized_ranks,1.0,1.0
B19,topology_only,0.5604395604395604,1.0
N83,normalized_scores,0.6393606393606394,1.0
N83,normalized_ranks,0.059940059940059943,0.9999999468928553
N83,topology_only,1.0,1.0
G26,normalized_scores,0.000999000999000999,0.4651062813287682
G26,normalized_ranks,0.000999000999000999,0.4651062813287682
G26,topology_only,0.000999000999000999,0.4651062813287682
M35,normalized_scores,0.000999000999000999,0.4651062813287682
M35,normalized_ranks,0.000999000999000999,0.4651062813287682
M35,topology_only,0.000999000999000999,0.4651062813287682
B67,normalized_scores,0.030969030969030968,0.9998505334878142
B67,normalized_ranks,0.000999000999000999,0.4651062813287682
B67,topology_only,0.03796203796203796,0.9999992947408487
B72,normalized_scores,0.000999000999000999,0.4651062813287682
B72,normalized_ranks,0.000999000999000999,0.4651062813287682
B72,topology_only,0.000999000999000999,0.4651062813287682
E30,normalized_scores,0.988011988011988,1.0
E30,normalized_ranks,0.999000999000999,1.0
E30,topology_only,0.998001998001998,1.0
C56,normalized_scores,0.000999000999000999,0.4651062813287682
C56,normalized_ranks,0.000999000999000999,0.4651062813287682
C56,topology_only,0.04095904095904096,0.9999997106816353
C30,normalized_scores,0.12487512487512488,0.9999999999998425
C30,normalized_ranks,0.03196803196803197,0.9999355473508239
C30,topology_only,0.3886113886113886,1.0
K13,normalized_scores,0.008991008991008992,0.9434184153158288
K13,normalized_ranks,0.003996003996003996,0.7634139683995398
K13,topology_only,0.11888111888111888,1.0
M33,normalized_scores,0.004995004995004995,0.8159489924694929
M33,normalized_ranks,0.028971028971028972,0.9998522061937225
M33,topology_only,0.011988011988011988,0.990715915646338
F98,normalized_scores,0.12887112887112886,0.9999999999999133
F98,normalized_ranks,0.5774225774225774,1.0
F98,topology_only,0.34565434565434566,1.0
G22,normalized_scores,0.000999000999000999,0.4651062813287682
G22,normalized_ranks,0.000999000999000999,0.4651062813287682
G22,topology_only,0.000999000999000999,0.4651062813287682
M16,normalized_scores,0.000999000999000999,0.4651062813287682
M16,normalized_ranks,0.000999000999000999,0.4651062813287682
M16,topology_only,0.000999000999000999,0.4651062813287682
F84,normalized_scores,0.000999000999000999,0.4651062813287682
F84,normalized_ranks,0.000999000999000999,0.4651062813287682
F84,topology_only,0.000999000999000999,0.4651062813287682
I22,normalized_scores,0.000999000999000999,0.4651062813287682
I22,normalized_ranks,0.000999000999000999,0.4651062813287682
I22,topology_only,0.00999000999000999,0.9804694629199124
H44,normalized_scores,0.9920079920079921,1.0
H44,normalized_ranks,1.0,1.0
H44,topology_only,1.0,1.0
I25,normalized_scores,0.000999000999000999,0.4651062813287682
I25,normalized_ranks,0.000999000999000999,0.4651062813287682
I25,topology_only,0.055944055944055944,0.999999997890339
E11,normalized_scores,0.000999000999000999,0.4651062813287682
E11,normalized_ranks,0.000999000999000999,0.4651062813287682
E11,topology_only,0.0899100899100899,0.9999999999999541
K80,normalized_scores,0.000999000999000999,0.4651062813287682
K80,normalized_ranks,0.01898101898101898,0.9974196738383502
K80,topology_only,0.013986013986013986,0.9955218269388926
F21,normalized_scores,0.000999000999000999,0.4651062813287682
F21,normalized_ranks,0.000999000999000999,0.4651062813287682
F21,topology_only,0.001998001998001998,0.5776835174323569
P29,normalized_scores,0.5824175824175825,1.0
P29,normalized_ranks,0.5104895104895105,1.0
P29,topology_only,1.0,1.0
E76,normalized_scores,0.09090909090909091,0.9999999997505996
E76,normalized_ranks,0.001998001998001998,0.5332680896844992
E76,topology_only,0.47352647352647353,1.0
F43,normalized_scores,0.6813186813186813,1.0
F43,normalized_ranks,0.7382617382617382,1.0
F43,topology_only,0.9500499500499501,1.0
B20,normalized_scores,0.054945054945054944,0.9999994164299885
B20,normalized_ranks,0.008991008991008992,0.9501389486005059
B20,topology_only,0.5384615384615384,1.0
B00,normalized_scores,0.000999000999000999,0.4651062813287682
B00,normalized_ranks,0.000999000999000999,0.4651062813287682
B00,topology_only,0.000999000999000999,0.4651062813287682
I02,normalized_scores,0.000999000999000999,0.4651062813287682
I02,normalized_ranks,0.003996003996003996,0.7634139683995398
I02,topology_only,0.000999000999000999,0.4651062813287682
G23,normalized_scores,0.006993006993006993,0.9020028174301425
G23,normalized_ranks,0.000999000999000999,0.4651062813287682
G23,topology_only,0.000999000999000999,0.4651062813287682
E74,normalized_scores,0.17782217782217782,1.0
E74,normalized_ranks,0.000999000999000999,0.4651062813287682
E74,topology_only,0.7232767232767233,1.0
A81,normalized_scores,0.9090909090909091,1.0
A81,normalized_ranks,0.997002997002997,1.0
A81,topology_only,0.99000999000999,1.0
H46,normalized_scores,0.15984015984015984,0.9999999999999996
H46,normalized_ranks,0.968031968031968,1.0
H46,topology_only,0.22277722277722278,1.0
R43,normalized_scores,0.3756243756243756,1.0
R43,normalized_ranks,0.12287712287712288,0.9999999999999784
R43,topology_only,1.0,1.0
I47,normalized_scores,0.011988011988011988,0.975927335539375
I47,normalized_ranks,0.003996003996003996,0.7634139683995398
I47,topology_only,0.3306693306693307,1.0
K12,normalized_scores,0.000999000999000999,0.4651062813287682
K12,normalized_ranks,0.000999000999000999,0.4651062813287682
K12,topology_only,0.000999000999000999,0.4651062813287682
M87,normalized_scores,0.000999000999000999,0.4651062813287682
M87,normalized_ranks,0.001998001998001998,0.5332680896844992
M87,topology_only,0.011988011988011988,0.990715915646338
A77,normalized_scores,0.995004995004995,1.0
A77,normalized_ranks,0.998001998001998,1.0
A77,topology_only,0.999000999000999,1.0
C44,normalized_scores,0.000999000999000999,0.4651062813287682
C44,normalized_ranks,0.000999000999000999,0.4651062813287682
C44,topology_only,0.000999000999000999,0.4651062813287682
D56,normalized_scores,0.000999000999000999,0.4651062813287682
D56,normalized_ranks,0.008991008991008992,0.9501389486005059
D56,topology_only,0.004995004995004995,0.8677470337219261
L03,normalized_scores,0.3856143856143856,1.0
L03,normalized_ranks,0.989010989010989,1.0
L03,topology_only,0.996003996003996,1.0
N91,normalized_scores,1.0,1.0
N91,normalized_ranks,0.5474525474525475,1.0
N91,topology_only,1.0,1.0
Q28,normalized_scores,0.03296703296703297,0.9999008364757741
Q28,normalized_ranks,0.000999000999000999,0.4651062813287682
Q28,topology_only,0.4035964035964036,1.0
F41,normalized_scores,0.000999000999000999,0.4651062813287682
F41,normalized_ranks,0.000999000999000999,0.4651062813287682
F41,topology_only,0.000999000999000999,0.4651062813287682
